SALE TYPE,SOLD DATE,PROPERTY TYPE,ADDRESS,CITY,STATE,ZIP,PRICE,BEDS,BATHS,LOCATION,SQUARE FEET,LOT SIZE,YEAR BUILT,DAYS ON MARKET,$/SQUARE FEET,HOA/MONTH,STATUS,NEXT OPEN HOUSE START TIME,NEXT OPEN HOUSE END TIME,URL (SEE http://www.redfin.com/buy-a-home/comparative-market-analysis FOR INFO ON PRICING),SOURCE,MLS#,FAVORITE,INTERESTED,LATITUDE,LONGITUDE
MLS Listing,,Condo/Co-op,510 Lee St #7,Seattle,WA,98109,459000,2,1.0,Queen Anne,760,,1957,1,604,328,Active,February-3-2018 11:00 AM,February-3-2018 01:00 PM,http://www.redfin.com/WA/Seattle/510-Lee-St-98109/unit-7/home/17383418,NWMLS,1237585,N,Y,47.6316321,-122.3470489
MLS Listing,,Single Family Residential,352 NE 53rd St,Seattle,WA,98105,648000,3,1.75,Green Lake,1170,5100,1921,1,554,,Active,February-1-2018 05:00 PM,February-1-2018 07:00 PM,http://www.redfin.com/WA/Seattle/352-NE-53rd-St-98105/home/305146,NWMLS,1239016,N,Y,47.6673211,-122.3232602
MLS Listing,,Single Family Residential,11025 21st Ave SW,Seattle,WA,98146,440000,3,1.75,Shorewood,1510,8000,1954,1,291,,Active,February-3-2018 02:00 PM,February-3-2018 04:00 PM,http://www.redfin.com/WA/Seattle/11025-21st-Ave-SW-98146/home/180638,NWMLS,1238951,N,Y,47.5041985,-122.3607529
MLS Listing,,Single Family Residential,6846 24th Ave NE,Seattle,WA,98115,715000,3,1.0,Ravenna,1820,4532,1948,1,393,,Active,January-31-2018 11:00 AM,January-31-2018 01:00 PM,http://www.redfin.com/WA/Seattle/6846-24th-Ave-NE-98115/home/309601,NWMLS,1235253,N,Y,47.6790498,-122.3014203
MLS Listing,,Condo/Co-op,401 9th Ave N #618,Seattle,WA,98109,749900,1,1.5,South Lake Union,1013,21224,2009,5,740,649,Active,,,http://www.redfin.com/WA/Seattle/401-9th-Ave-N-98109/unit-618/home/21616495,NWMLS,1238328,N,Y,47.622291,-122.3399715
MLS Listing,,Condo/Co-op,1026 NE 65th St Unit A305,Seattle,WA,98115,599950,2,1.75,Roosevelt,854,18491,2006,5,703,458,Active,,,http://www.redfin.com/WA/Seattle/1026-NE-65th-St-98115/unit-A305/home/2117403,NWMLS,1237772,N,Y,47.676065,-122.3163866
MLS Listing,,Single Family Residential,321 Martin Luther King Jr Wy S,Seattle,WA,98144,588000,4,2.0,Central Area,3090,3600,1901,5,190,,Active,,,http://www.redfin.com/WA/Seattle/321-Martin-Luther-King-Junior-Way-S-98144/home/143094,NWMLS,1237437,N,Y,47.5997045,-122.2977265
MLS Listing,,Condo/Co-op,7309 Sand Point Wy NE Unit B943,Seattle,WA,98115,450000,2,1.5,Sand Point,1024,87990,1979,5,439,288,Active,,,http://www.redfin.com/WA/Seattle/7309-Sand-Point-Way-NE-98115/unit-B943/home/144769257,NWMLS,1237165,N,Y,47.682153,-122.2638356
MLS Listing,,Single Family Residential,11318 Meridian Ave N,Seattle,WA,98133,775000,5,2.75,Northgate,2160,7800,1984,5,359,,Active,,,http://www.redfin.com/WA/Seattle/11318-Meridian-Ave-N-98133/home/103408,NWMLS,1237858,N,Y,47.7109878,-122.3337659
MLS Listing,,Single Family Residential,2115 33rd Ave W,Seattle,WA,98199,799000,3,1.75,Magnolia,1430,4424,1944,6,559,,Active,,,http://www.redfin.com/WA/Seattle/2115-33rd-Ave-W-98199/home/125688,NWMLS,1236832,N,Y,47.6382205,-122.3998852
MLS Listing,,Single Family Residential,7958 32nd Ave SW,Seattle,WA,98126,849950,5,2.5,Westwood Village,3200,7680,1925,6,266,,Active,February-3-2018 01:00 PM,February-3-2018 03:00 PM,http://www.redfin.com/WA/Seattle/7958-32nd-Ave-SW-98126/home/471865,NWMLS,1235948,N,Y,47.530258,-122.37355
MLS Listing,,Single Family Residential,8157 11th Ave SW,Seattle,WA,98106,499000,2,1.75,Highland Park,1550,7620,1930,6,322,,Active,,,http://www.redfin.com/WA/Seattle/8157-11th-Ave-SW-98106/home/474399,NWMLS,1236687,N,Y,47.5284803,-122.3495774
MLS Listing,,Single Family Residential,146 NE 61st St,Seattle,WA,98115,1525000,5,3.5,Green Lake,2580,6120,1908,6,591,,Active,,,http://www.redfin.com/WA/Seattle/146-NE-61st-St-98115/home/305244,NWMLS,1236443,N,Y,47.6730345,-122.3261826
MLS Listing,,Condo/Co-op,900 Lenora St Unit W903,Seattle,WA,98121,638000,1,1.0,Denny Triangle,732,86136,2006,7,872,684,Active,,,http://www.redfin.com/WA/Seattle/900-Lenora-St-98121/unit-W903/home/103953382,NWMLS,1235741,N,Y,47.6174845,-122.3370026
MLS Listing,,Townhouse,3631 Courtland Place S Unit B,Seattle,WA,98144,600000,2,1.75,Mt Baker,1260,670,2016,7,476,100,Active,,,http://www.redfin.com/WA/Seattle/3631-Courtland-Pl-S-98144/unit-B/home/109661015,NWMLS,1236988,N,Y,47.5705974,-122.2873326
MLS Listing,,Townhouse,1318 S Atlantic St,Seattle,WA,98144,749888,2,1.25,Beacon Hill,1090,845,2017,13,688,,Active,,,http://www.redfin.com/WA/Seattle/1318-S-Atlantic-St-98144/home/113178822,NWMLS,1234698,N,Y,47.5901353,-122.3152239
MLS Listing,,Single Family Residential,13018 23rd Ave NE,Seattle,WA,98125,475000,2,1.0,Olympic Hills,820,8100,1942,13,579,,Active,,,http://www.redfin.com/WA/Seattle/13018-23rd-Ave-NE-98125/home/115086,NWMLS,1231921,N,Y,47.7234421,-122.3043214
MLS Listing,,Townhouse,6641 Carleton Ave S Unit D,Seattle,WA,98108,599950,2,2.0,Georgetown,1370,1348,2017,21,438,,Active,February-3-2018 11:00 AM,February-3-2018 01:00 PM,http://www.redfin.com/WA/Seattle/6641-Carleton-Ave-S-98108/unit-D/home/144669149,NWMLS,1231439,N,Y,47.5430626,-122.3216651
MLS Listing,,Condo/Co-op,8001 Sand Point Wy NE Unit C53,Seattle,WA,98115,649900,2,1.75,Sand Point,1353,361500,1974,49,480,654,Active,,,http://www.redfin.com/WA/Seattle/8001-Sand-Point-Way-NE-98115/unit-C53/home/109319767,NWMLS,1225672,N,Y,47.686693,-122.2651844
MLS Listing,,Townhouse,1 Ward St Unit C,Seattle,WA,98109,1350000,2,2.5,Queen Anne,2235,10809,1909,114,604,932,Active,,,http://www.redfin.com/WA/Seattle/1-Ward-St-98109/unit-C/home/21616713,NWMLS,1203527,N,Y,47.6278362,-122.3563414
MLS Listing,,Townhouse,2940 SW Raymond St,Seattle,WA,98126,425000,2,2.25,High Point,1138,173136,2006,1,373,391,Active,February-3-2018 12:00 PM,February-3-2018 03:00 PM,http://www.redfin.com/WA/Seattle/2940-SW-Raymond-St-98126/home/17069513,NWMLS,1238985,N,Y,47.548618,-122.3702209
MLS Listing,,Condo/Co-op,12034 15th Ave NE #205,Seattle,WA,98125,389950,2,1.75,Pinehurst,1044,11077,2000,1,374,503,Active,January-31-2018 11:00 AM,January-31-2018 01:00 PM,http://www.redfin.com/WA/Seattle/12034-15th-Ave-NE-98125/unit-205/home/14477,NWMLS,1229834,N,Y,47.716855,-122.3121343
MLS Listing,,Single Family Residential,12316 5th Ave NE,Seattle,WA,98125,699900,6,2.75,Northgate,3420,6631,1946,1,205,,Active,,,http://www.redfin.com/WA/Seattle/12316-5th-Ave-NE-98125/home/106580,NWMLS,1234226,N,Y,47.7182234,-122.3231918
MLS Listing,,Single Family Residential,353 N 101st St,Seattle,WA,98133,900000,4,2.25,Greenwood,2153,3752,2018,1,418,,Active,February-3-2018 01:00 PM,February-3-2018 04:00 PM,http://www.redfin.com/WA/Seattle/353-N-101st-St-98133/home/113996240,NWMLS,1238270,N,Y,47.701954,-122.353098
MLS Listing,,Condo/Co-op,300 N 130th St #5205,Seattle,WA,98133,295000,1,1.0,Seattle,707,203091,1988,1,417,377,Active,January-31-2018 11:00 AM,January-31-2018 12:30 PM,http://www.redfin.com/WA/Seattle/300-N-130th-St-98133/unit-5205/home/12537547,NWMLS,1239800,N,Y,47.723785,-122.353737
MLS Listing,,Single Family Residential,1808 10th Ave E,Seattle,WA,98102,1165000,3,2.5,North Capitol Hill,3040,4500,1925,1,383,,Active,January-31-2018 10:00 AM,January-31-2018 01:00 PM,http://www.redfin.com/WA/Seattle/1808-10th-Ave-E-98102/home/136947,NWMLS,1227335,N,Y,47.635323,-122.3197744
MLS Listing,,Single Family Residential,3609 NE 43rd St,Seattle,WA,98105,1480000,3,2.25,Laurelhurst,2660,5000,1956,1,556,,Active,January-31-2018 11:00 AM,January-31-2018 01:00 PM,http://www.redfin.com/WA/Seattle/3609-NE-43rd-St-98105/home/122002,NWMLS,1238769,N,Y,47.6596547,-122.2889077
MLS Listing,,Single Family Residential,4106 SW Arroyo Ct,Seattle,WA,98146,975000,3,2.25,Arroyo,2860,7740,1958,1,341,,Active,January-31-2018 10:00 AM,January-31-2018 02:00 PM,http://www.redfin.com/WA/Seattle/4106-SW-Arroyo-Ct-98146/home/157488,NWMLS,1235963,N,Y,47.5040845,-122.3840179
MLS Listing,,Single Family Residential,10759 Durland Ave NE,Seattle,WA,98125,1150000,4,3.5,Matthews Beach,3370,6540,2004,1,341,,Active,February-3-2018 12:00 PM,February-3-2018 03:00 PM,http://www.redfin.com/WA/Seattle/10759-Durland-Ave-NE-98125/home/2073319,NWMLS,1239374,N,Y,47.7088079,-122.2790367
MLS Listing,,Single Family Residential,4615 52nd Ave S,Seattle,WA,98118,639000,3,1.5,Lakewood,1570,7200,1949,1,407,,Active,,,http://www.redfin.com/WA/Seattle/4615-52nd-Ave-S-98118/home/489302,NWMLS,1239782,N,Y,47.5612729,-122.2685141
MLS Listing,,Single Family Residential,11010 Parkview Ave S,Seattle,WA,98178,299000,2,0.75,Lakeridge,770,6212,1942,1,388,,Active,,,http://www.redfin.com/WA/Seattle/11010-Parkview-Ave-S-98178/home/197538,NWMLS,1239368,N,Y,47.5044049,-122.2424414
MLS Listing,,Condo/Co-op,2960 Eastlake Ave E #404,Seattle,WA,98102,438000,1,1.0,Eastlake,702,,2008,1,624,308,Active,,,http://www.redfin.com/WA/Seattle/2960-Eastlake-Ave-E-98102/unit-404/home/21743100,NWMLS,1239708,N,Y,47.648332548,-122.3232847
MLS Listing,,Single Family Residential,13314 23rd Ave NE,Seattle,WA,98125,750000,3,2.25,Olympic Hills,2460,8100,1958,1,305,,Active,January-31-2018 12:30 PM,January-31-2018 03:00 PM,http://www.redfin.com/WA/Seattle/13314-23rd-Ave-NE-98125/home/114713,NWMLS,1234207,N,Y,47.7250968,-122.3042222
MLS Listing,,Single Family Residential,10217 8th Ave SW,Seattle,WA,98146,699990,4,3.0,Burien,2930,7620,2016,1,239,,Active,February-3-2018 12:00 PM,February-3-2018 03:00 PM,http://www.redfin.com/WA/Seattle/10217-8th-Ave-SW-98146/home/22461533,NWMLS,1239703,N,Y,47.511342,-122.345394
MLS Listing,,Condo/Co-op,130 NE 95th Unit A107,Seattle,WA,98115,420000,3,2.0,Maple Leaf,1054,53157,1990,1,398,445,Active,,,http://www.redfin.com/WA/Seattle/130-NE-95th-St-98115/unit-A107/home/144792287,NWMLS,1235806,N,Y,47.6981017,-122.3268536
MLS Listing,,Single Family Residential,5511 5th Ave NE,Seattle,WA,98105,549500,2,1.0,Green Lake,1650,2700,1941,1,333,,Active,February-3-2018 12:00 PM,February-3-2018 03:00 PM,http://www.redfin.com/WA/Seattle/5511-5th-Ave-NE-98105/home/304456,NWMLS,1225056,N,Y,47.6690381,-122.3231052
MLS Listing,,Single Family Residential,4754 35th Ave NE,Seattle,WA,98105,719950,3,1.75,Bryant,2000,4128,1945,1,360,,Active,January-31-2018 11:00 AM,January-31-2018 01:00 PM,http://www.redfin.com/WA/Seattle/4754-35th-Ave-NE-98105/home/313514,NWMLS,1239467,N,Y,47.664208,-122.289883
MLS Listing,,Single Family Residential,645 NW 79th St,Seattle,WA,98117,989888,3,2.5,Greenwood,1840,3399,1932,1,538,,Active,February-3-2018 02:30 PM,February-3-2018 05:00 PM,http://www.redfin.com/WA/Seattle/645-NW-79th-St-98117/home/495069,NWMLS,1238239,N,Y,47.6860279,-122.3653243
MLS Listing,,Condo/Co-op,413 NE 70th St #324,Seattle,WA,98115,522000,1,1.0,Green Lake,742,,2007,1,704,427,Active,February-3-2018 12:00 PM,February-3-2018 03:00 PM,http://www.redfin.com/WA/Seattle/413-NE-70th-St-98115/unit-324/home/17383052,NWMLS,1239254,N,Y,47.6790352,-122.3238836
MLS Listing,,Single Family Residential,308 NW 79th St,Seattle,WA,98117,775000,3,1.75,Ballard,1920,3860,1920,1,404,,Active,January-31-2018 12:00 PM,January-31-2018 02:00 PM,http://www.redfin.com/WA/Seattle/308-NW-79th-St-98117/home/498544,NWMLS,1238808,N,Y,47.6863975,-122.3611606
MLS Listing,,Single Family Residential,7725 35th Ave SW,Seattle,WA,98126,574950,3,2.5,West Seattle,1580,6536,1948,1,364,,Active,,,http://www.redfin.com/WA/Seattle/7725-35th-Ave-SW-98126/home/470119,NWMLS,1238986,N,Y,47.5325805,-122.3769542
MLS Listing,,Single Family Residential,1516 31st Ave,Seattle,WA,98122,865555,2,1.75,Madrona,1840,5000,1961,1,470,,Active,February-3-2018 01:00 PM,February-3-2018 04:00 PM,http://www.redfin.com/WA/Seattle/1516-31st-Ave-98122/home/148349,NWMLS,1236361,N,Y,47.6146442,-122.2921172
MLS Listing,,Townhouse,4725 35th Ave S,Seattle,WA,98118,789000,3,2.5,Columbia City,1768,2089,2017,1,446,,Active,,,http://www.redfin.com/WA/Seattle/4725-35th-Ave-S-98118/home/143320706,NWMLS,1239536,N,Y,47.5597465,-122.2888217
MLS Listing,,Condo/Co-op,200 17th Ave E #307,Seattle,WA,98112,500000,1,1.0,Capitol Hill,763,9599,1929,1,655,551,Active,February-1-2018 12:00 PM,February-1-2018 02:00 PM,http://www.redfin.com/WA/Seattle/200-17th-Ave-E-98112/unit-307/home/2079090,NWMLS,1239477,N,Y,47.6197897,-122.3098493
MLS Listing,,Townhouse,2615 E John St,Seattle,WA,98112,895000,2,2.5,Madison Valley,1452,1021,2018,1,616,,Active,,,http://www.redfin.com/WA/Seattle/2615-E-John-St-98112/home/144728668,NWMLS,1239434,N,Y,47.6201977,-122.2980312
MLS Listing,,Condo/Co-op,2415 2nd Ave #440,Seattle,WA,98121,524000,1,1.0,Belltown,549,,1994,1,954,368,Active,,,http://www.redfin.com/WA/Seattle/2415-2nd-Ave-98121/unit-440/home/28802,NWMLS,1239123,N,Y,47.6148461,-122.3475339
MLS Listing,,Vacant Land,E Marginal Wy S,Seattle,WA,98108,574500,0,,Georgetown,,3584,,1,,,Active,,,http://www.redfin.com/WA/Seattle/E-Marginal-Way-S-98108/home/143797379,NWMLS,1239391,N,Y,47.548078,-122.33391
MLS Listing,,Single Family Residential,9450 15th Ave SW,Seattle,WA,98106,450000,6,2.0,Highland Park,2152,2353,1925,1,209,,Active,February-3-2018 12:00 PM,February-3-2018 04:00 PM,http://www.redfin.com/WA/Seattle/9450-15th-Ave-SW-98106/home/475072,NWMLS,1239014,N,Y,47.517727,-122.35354
MLS Listing,,Single Family Residential,834 NE 81st St,Seattle,WA,98115,575000,2,1.0,Maple Leaf,1790,3774,1926,1,321,,Active,,,http://www.redfin.com/WA/Seattle/834-NE-81st-St-98115/home/108936,NWMLS,1238943,N,Y,47.6876592,-122.318713
MLS Listing,,Single Family Residential,8851 Stone Ave N,Seattle,WA,98103,528950,3,1.5,Green Lake,1140,2015,1915,1,464,,Active,February-3-2018 01:00 PM,February-3-2018 03:00 PM,http://www.redfin.com/WA/Seattle/8851-Stone-Ave-N-98103/home/105402,NWMLS,1238199,N,Y,47.6938881,-122.3419046
MLS Listing,,Single Family Residential,2000 28 Ave S,Seattle,WA,98144,827000,3,2.25,Mt Baker,1470,6000,1984,1,563,,Active,,,http://www.redfin.com/WA/Seattle/2000-28th-Ave-S-98144/home/170943,NWMLS,1229197,N,Y,47.5853007,-122.2961375
MLS Listing,,Townhouse,9135 23rd Ave NE Unit B,Seattle,WA,98115,765000,3,3.5,Wedgwood,2004,2520,2005,1,382,,Active,February-3-2018 01:00 PM,February-3-2018 04:00 PM,http://www.redfin.com/WA/Seattle/9135-23rd-Ave-NE-98115/unit-B/home/109471687,NWMLS,1229058,N,Y,47.695388,-122.3048797
MLS Listing,,Townhouse,13718 Midvale Ave N Unit A,Seattle,WA,98133,524950,3,2.25,Haller Lake,1510,1245,2007,1,348,,Active,February-3-2018 12:00 PM,February-3-2018 03:00 PM,http://www.redfin.com/WA/Seattle/13718-Midvale-Ave-N-98133/unit-A/home/18658462,NWMLS,1237969,N,Y,47.729359,-122.343167
MLS Listing,,Single Family Residential,8853 Stone Ave N,Seattle,WA,98103,789950,3,2.75,Green Lake,1670,1596,2018,1,473,,Active,February-3-2018 01:00 PM,February-3-2018 03:00 PM,http://www.redfin.com/WA/Seattle/8853-Stone-Ave-N-98103/home/144791116,NWMLS,1238801,N,Y,47.6938025,-122.3413277
MLS Listing,,Single Family Residential,5222 39th Ave NE,Seattle,WA,98105,949950,4,2.5,Bryant,1930,4000,1926,1,492,,Active,February-3-2018 01:00 PM,February-3-2018 04:00 PM,http://www.redfin.com/WA/Seattle/5222-39th-Ave-NE-98105/home/314180,NWMLS,1236990,N,Y,47.6676023,-122.2854455
MLS Listing,,Vacant Land,2020 NE 85th St,Seattle,WA,98115,1300000,0,,Maple Leaf,,5940,,1,,,Active,,,http://www.redfin.com/WA/Seattle/2020-NE-85th-St-98115/home/2083224,NWMLS,1238898,N,Y,47.6905187,-122.3058626
MLS Listing,,Vacant Land,2024 NE 85th St,Seattle,WA,98115,1500000,0,,Maple Leaf,,5940,,1,,,Active,,,http://www.redfin.com/WA/Seattle/2024-NE-85th-St-98115/home/2084833,NWMLS,1239329,N,Y,47.6905198,-122.3056771
MLS Listing,,Vacant Land,2100 2106 NE 85th St,Seattle,WA,98115,2600000,0,,Maple Leaf,,11880,,1,,,Active,,,http://www.redfin.com/WA/Seattle/2106-NE-85th-St-98115/home/2086640,NWMLS,1239338,N,Y,47.6905116,-122.3053106
MLS Listing,,Multi-Family (2-4 Unit),13733 35th Ave NE,Seattle,WA,98125,715000,6,3.0,Lake City,2600,5400,1958,1,275,,Active,,,http://www.redfin.com/WA/Seattle/13733-35th-Ave-NE-98125/home/111962,NWMLS,1239308,N,Y,47.729281,-122.291281
MLS Listing,,Condo/Co-op,840 NE 125th St #305,Seattle,WA,98125,339950,2,2.0,Pinehurst,857,23182,1988,1,397,480,Active,,,http://www.redfin.com/WA/Seattle/840-NE-125th-St-98125/unit-305/home/12537588,NWMLS,1238778,N,Y,47.7197022,-122.3187903
MLS Listing,,Single Family Residential,9013 37th Ave SW,Seattle,WA,98126,950000,4,2.5,Gatewood,2460,6297,1951,1,386,,Active,February-1-2018 04:00 PM,February-1-2018 06:30 PM,http://www.redfin.com/WA/Seattle/9013-37th-Ave-SW-98126/home/469006,NWMLS,1234596,N,Y,47.522469,-122.3797016
MLS Listing,,Single Family Residential,9037 Burke Ave N,Seattle,WA,98103,1095000,5,2.5,Green Lake,2530,3371,2018,1,433,,Active,February-3-2018 01:00 PM,February-3-2018 04:00 PM,http://www.redfin.com/WA/Seattle/9037-Burke-Ave-N-98103/home/144790505,NWMLS,1238957,N,Y,47.6952755,-122.3351306
MLS Listing,,Single Family Residential,8425 18th Ave SW,Seattle,WA,98106,459000,3,1.0,Highland Park,880,5160,1970,2,522,,Active,February-2-2018 02:00 PM,February-2-2018 04:00 PM,http://www.redfin.com/WA/Seattle/8425-18th-Ave-SW-98106/home/474891,NWMLS,1238831,N,Y,47.5275098,-122.3580884
MLS Listing,,Single Family Residential,10528 3rd Ave NW,Seattle,WA,98177,450000,1,0.75,Broadview,520,10000,1930,2,865,,Active,February-2-2018 05:00 PM,February-2-2018 07:00 PM,http://www.redfin.com/WA/Seattle/10528-3rd-Ave-NW-98177/home/96564,NWMLS,1236905,N,Y,47.7060158,-122.360217
MLS Listing,,Condo/Co-op,5615 24th Ave NW #53,Seattle,WA,98107,495000,1,1.0,Ballard,724,,2006,2,684,418,Active,January-31-2018 11:00 AM,January-31-2018 01:00 PM,http://www.redfin.com/WA/Seattle/5615-24th-Ave-NW-98107/unit-53/home/12093666,NWMLS,1234235,N,Y,47.6700686,-122.3879618
MLS Listing,,Townhouse,3030 61st Ave SW,Seattle,WA,98116,700000,3,2.5,Alki,1698,1312,2010,2,412,,Active,February-3-2018 01:00 PM,February-3-2018 04:00 PM,http://www.redfin.com/WA/Seattle/3030-61st-Ave-SW-98116/home/28540382,NWMLS,1236396,N,Y,47.576753,-122.4104472
MLS Listing,,Townhouse,7526 43rd Ave S Unit B & C,Seattle,WA,98118,1299000,6,6.0,Seattle,3240,3124,2014,2,401,130,Active,,,http://www.redfin.com/WA/Seattle/7526-43rd-Ave-S-98118/unit-B-C/home/101607058,NWMLS,1237530,N,Y,47.534415,-122.278603
MLS Listing,,Single Family Residential,3401 York Rd S,Seattle,WA,98144,789000,4,3.0,Mt Baker,1633,2680,1999,2,483,,Active,February-1-2018 11:30 AM,February-1-2018 01:30 PM,http://www.redfin.com/WA/Seattle/3401-York-Rd-S-98144/home/171772,NWMLS,1237894,N,Y,47.5723226,-122.2871199
MLS Listing,,Single Family Residential,6230 54th Ave NE,Seattle,WA,98115,1050000,4,1.25,Hawthorne Hills,2270,6010,1954,2,463,,Active,January-31-2018 10:00 AM,January-31-2018 12:00 PM,http://www.redfin.com/WA/Seattle/6230-54th-Ave-NE-98115/home/320594,NWMLS,1238043,N,Y,47.6742684,-122.2690741
MLS Listing,,Condo/Co-op,3028 Western Ave #115,Seattle,WA,98121,375000,0,1.0,Belltown,450,14417,1991,3,833,294,Active,,,http://www.redfin.com/WA/Seattle/3028-Western-Ave-98121/unit-115/home/29681,NWMLS,1237607,N,Y,47.6178211,-122.3554706
MLS Listing,,Single Family Residential,2819 W Elmore Place,Seattle,WA,98199,1325000,4,2.75,Magnolia,2163,4725,1947,3,613,,Active,February-3-2018 01:00 PM,February-3-2018 04:00 PM,http://www.redfin.com/WA/Seattle/2819-W-Elmore-Pl-98199/home/123090,NWMLS,1237980,N,Y,47.656986,-122.3937447
MLS Listing,,Condo/Co-op,408 Bellevue Ave E #101,Seattle,WA,98102,388000,1,1.0,Capitol Hill,700,,1929,4,554,658,Active,February-1-2018 11:00 AM,February-1-2018 01:00 PM,http://www.redfin.com/WA/Seattle/408-Bellevue-Ave-E-98102/unit-101/home/144780795,NWMLS,1238672,N,Y,47.6223217,-122.3262297
MLS Listing,,Townhouse,3012 60th Ave SW Unit A,Seattle,WA,98116,630000,2,2.5,Alki,1540,1294,2008,4,409,,Active,,,http://www.redfin.com/WA/Seattle/3012-60th-Ave-SW-98116/unit-A/home/18659401,NWMLS,1238585,N,Y,47.5773063,-122.408891
MLS Listing,,Condo/Co-op,603 13th Ave E #2000,Seattle,WA,98102,450000,1,1.0,Capitol Hill,712,7413,1959,4,632,377,Active,February-3-2018 01:00 AM,February-3-2018 04:00 PM,http://www.redfin.com/WA/Seattle/603-13th-Ave-E-98102/unit-2000/home/12029,NWMLS,1238626,N,Y,47.6244332,-122.3160169
MLS Listing,,Single Family Residential,1235 NE 88th St Unit B,Seattle,WA,98115,1095000,3,2.25,Maple Leaf,2445,5001,2018,4,448,,Active,January-31-2018 11:00 AM,January-31-2018 01:00 PM,http://www.redfin.com/WA/Seattle/1235-NE-88th-St-98115/unit-B/home/144767952,NWMLS,1236351,N,Y,47.69203,-122.3133201
MLS Listing,,Single Family Residential,223 W McGraw St,Seattle,WA,98119,1400000,3,1.75,Queen Anne,2680,2360,1916,4,522,,Active,,,http://www.redfin.com/WA/Seattle/223-W-McGraw-St-98119/home/133651,NWMLS,1238584,N,Y,47.6393969,-122.3607269
MLS Listing,,Single Family Residential,8837 17th Ave SW,Seattle,WA,98106,549950,2,1.0,West Seattle,1000,5132,1928,4,550,,Active,,,http://www.redfin.com/WA/Seattle/8837-17th-Ave-SW-98106/home/475487,NWMLS,1238560,N,Y,47.5235802,-122.3567816
MLS Listing,,Condo/Co-op,900 Lenora St Unit W209,Seattle,WA,98121,599000,1,1.0,Downtown,898,,2006,4,667,840,Active,January-31-2018 06:00 PM,January-31-2018 07:30 PM,http://www.redfin.com/WA/Seattle/900-Lenora-St-98121/unit-W-209/home/79034070,NWMLS,1238511,N,Y,47.6177552,-122.337607
MLS Listing,,Townhouse,1926 Ferry Ave SW,Seattle,WA,98116,888500,3,2.25,North Admiral,1727,1926,2018,4,514,,Active,January-31-2018 11:00 AM,January-31-2018 01:00 PM,http://www.redfin.com/WA/Seattle/1926-Ferry-Ave-SW-98116/home/144776986,NWMLS,1237983,N,Y,47.586293,-122.3860184
MLS Listing,,Townhouse,8775 Phinney Ave N,Seattle,WA,98103,839950,3,1.75,Greenwood,1552,808,2018,4,541,,Active,,,http://www.redfin.com/WA/Seattle/8775-Phinney-Ave-N-98103/home/144776761,NWMLS,1238331,N,Y,47.6940965,-122.3539567
MLS Listing,,Single Family Residential,14020 Courtland Place N,Seattle,WA,98133,479950,3,1.5,Seattle,1320,2625,1985,4,364,,Active,,,http://www.redfin.com/WA/Seattle/14020-Courtland-Pl-N-98133/home/102816,NWMLS,1236983,N,Y,47.7311383,-122.3377178
MLS Listing,,Single Family Residential,6357 36th Ave SW,Seattle,WA,98126,799950,4,2.25,Gatewood,1980,7763,1911,5,404,,Active,February-3-2018 02:00 PM,February-3-2018 04:00 PM,http://www.redfin.com/WA/Seattle/6357-36th-Ave-SW-98126/home/471090,NWMLS,1237941,N,Y,47.5448804,-122.3780548
MLS Listing,,Condo/Co-op,5450 Leary Ave NW #540,Seattle,WA,98107,498000,1,1.0,Ballard,717,27583,2007,5,695,327,Active,January-31-2018 11:00 AM,January-31-2018 01:30 PM,http://www.redfin.com/WA/Seattle/5450-Leary-Ave-NW-98107/unit-540/home/17381733,NWMLS,1238222,N,Y,47.668056,-122.3831914
MLS Listing,,Single Family Residential,4010 21st Ave SW,Seattle,WA,98106,550000,2,1.0,Pigeon Point,1120,13700,1918,5,491,,Active,,,http://www.redfin.com/WA/Seattle/4010-21st-Ave-SW-98106/home/160542,NWMLS,1238225,N,Y,47.5679286,-122.3598085
MLS Listing,,Single Family Residential,2524 9th Ave W,Seattle,WA,98119,629950,2,1.0,Queen Anne,1060,3600,1906,5,594,,Active,,,http://www.redfin.com/WA/Seattle/2524-9th-Ave-W-98119/home/129656,NWMLS,1237026,N,Y,47.6414763,-122.3686227
MLS Listing,,Condo/Co-op,2929 1st Ave #622,Seattle,WA,98121,900000,2,1.75,Belltown,1124,26160,2000,5,801,837,Active,,,http://www.redfin.com/WA/Seattle/2929-1st-Ave-98121/unit-622/home/30777,NWMLS,1238466,N,Y,47.6172885,-122.3536187
MLS Listing,,Condo/Co-op,3314 NE 65th St #105,Seattle,WA,98115,601990,1,1.5,Bryant,962,,2017,5,626,484,Active,,,http://www.redfin.com/WA/Seattle/3314-NE-65th-St-98115/unit-105/home/144771722,NWMLS,1238471,N,Y,47.675784,-122.2921232
MLS Listing,,Single Family Residential,11206 Fremont Ave N,Seattle,WA,98133,949900,4,2.25,Broadview,2341,5247,2017,5,406,,Active,,,http://www.redfin.com/WA/Seattle/11206-Fremont-Ave-N-98133/home/112863503,NWMLS,1238190,N,Y,47.7108307,-122.3498668
MLS Listing,,Single Family Residential,312 N 63rd St,Seattle,WA,98103,980000,6,2.5,Phinney Ridge,3005,2000,1911,5,326,,Active,January-31-2018 12:00 PM,January-31-2018 02:00 PM,http://www.redfin.com/WA/Seattle/312-N-63rd-St-98103/home/299386,NWMLS,1238152,N,Y,47.6746902,-122.3548402
MLS Listing,,Condo/Co-op,1512 California Ave SW #401,Seattle,WA,98116,1200000,3,2.5,North Admiral,2325,5500,1986,5,516,1109,Active,,,http://www.redfin.com/WA/Seattle/1512-California-Ave-SW-98116/unit-401/home/48599,NWMLS,1230395,N,Y,47.5901453,-122.3858165
MLS Listing,,Condo/Co-op,2720 3rd Ave #314,Seattle,WA,98121,750000,1,1.0,Belltown,983,19432,2008,5,763,588,Active,,,http://www.redfin.com/WA/Seattle/2720-3rd-Ave-98121/unit-314/home/12538133,NWMLS,1238354,N,Y,47.6176822,-122.3492611
MLS Listing,,Single Family Residential,10037 61st Ave S,Seattle,WA,98178,738000,4,3.75,Upper Rainier Beach,3130,5460,1911,5,236,,Active,,,http://www.redfin.com/WA/Seattle/10037-61st-Ave-S-98178/home/175853,NWMLS,1238317,N,Y,47.5105786,-122.2573691
MLS Listing,,Condo/Co-op,202 W Olympic Place #301,Seattle,WA,98119,658000,2,1.5,Queen Anne,1187,,1979,5,554,449,Active,,,http://www.redfin.com/WA/Seattle/202-W-Olympic-Pl-98119/unit-301/home/6804,NWMLS,1237880,N,Y,47.6270212,-122.3596849
MLS Listing,,Single Family Residential,7911 S 115th Place,Seattle,WA,98178,389900,5,2.5,Bryn Mawr,2550,7500,1979,5,153,,Active,,,http://www.redfin.com/WA/Seattle/7911-S-115th-Pl-98178/home/199421,NWMLS,1238182,N,Y,47.4997034,-122.2337183
MLS Listing,,Single Family Residential,5646 41st Ave SW,Seattle,WA,98136,785000,4,1.5,West Seattle,2950,6250,1951,5,266,,Active,,,http://www.redfin.com/WA/Seattle/5646-41st-Ave-SW-98136/home/470879,NWMLS,1238187,N,Y,47.5506913,-122.383989
MLS Listing,,Single Family Residential,5934 Beach Dr SW,Seattle,WA,98136,995000,3,3.0,Beach Drive,2460,13500,1940,5,404,,Active,,,http://www.redfin.com/WA/Seattle/5934-Beach-Dr-SW-98136/home/154279,NWMLS,1237148,N,Y,47.5492863,-122.3973249
MLS Listing,,Single Family Residential,7309 Bainbridge Place SW,Seattle,WA,98136,850000,3,3.25,Lincoln Park,2280,1600,2014,5,373,,Active,February-3-2018 01:00 PM,February-3-2018 04:00 PM,http://www.redfin.com/WA/Seattle/7309-Bainbridge-Pl-SW-98136/home/59703354,NWMLS,1233838,N,Y,47.5376901,-122.3920477
MLS Listing,,Condo/Co-op,3710 26th Place W,Seattle,WA,98199,459900,2,1.75,Magnolia,1173,6224,1974,5,392,734,Active,,,http://www.redfin.com/WA/Seattle/3710-26th-Pl-W-98199/unit-408/home/714,NWMLS,1237642,N,Y,47.653967,-122.3902481
MLS Listing,,Single Family Residential,11729 26th Ave NE,Seattle,WA,98125,729000,4,2.5,Pinehurst,1682,2955,2009,5,433,,Active,January-31-2018 11:00 AM,January-31-2018 01:00 PM,http://www.redfin.com/WA/Seattle/11729-26th-Ave-NE-98125/home/18972362,NWMLS,1236757,N,Y,47.7148519,-122.3008033
MLS Listing,,Single Family Residential,3618 39th Ave W,Seattle,WA,98199,840000,2,1.75,Magnolia,1720,5816,1947,5,488,,Active,,,http://www.redfin.com/WA/Seattle/3618-39th-Ave-W-98199/home/128921,NWMLS,1236514,N,Y,47.6529175,-122.406512
MLS Listing,,Single Family Residential,3923 Corliss Ave N,Seattle,WA,98103,1195000,4,2.0,Wallingford,1860,5700,1901,5,642,,Active,,,http://www.redfin.com/WA/Seattle/3923-Corliss-Ave-N-98103/home/119466,NWMLS,1238119,N,Y,47.6550018,-122.3317233
MLS Listing,,Condo/Co-op,530 Melrose Ave E #302,Seattle,WA,98102,450000,1,1.0,Capitol Hill,590,,1991,5,763,454,Active,,,http://www.redfin.com/WA/Seattle/530-Melrose-Ave-E-98102/unit-302/home/35051,NWMLS,1236481,N,Y,47.6240369,-122.3275395
MLS Listing,,Single Family Residential,4206 S Angeline St,Seattle,WA,98118,575000,3,1.5,Columbia City,1780,4000,1942,5,323,,Active,,,http://www.redfin.com/WA/Seattle/4206-S-Angeline-St-98118/home/492856,NWMLS,1238146,N,Y,47.5595476,-122.2803018
MLS Listing,,Multi-Family (5+ Unit),6714 Greenwood Ave N,Seattle,WA,98103,1850000,11,6.0,Phinney Ridge,5030,5000,1960,5,368,,Active,,,http://www.redfin.com/WA/Seattle/6714-Greenwood-Ave-N-98103/home/2071016,NWMLS,1237755,N,Y,47.6783098,-122.354977
MLS Listing,,Single Family Residential,326 N 103rd St,Seattle,WA,98133,625000,3,1.75,Greenwood,1270,3844,1942,5,492,,Active,,,http://www.redfin.com/WA/Seattle/326-N-103rd-St-98133/home/98716,NWMLS,1236818,N,Y,47.7038261,-122.3542308
MLS Listing,,Single Family Residential,4038 Whitman Ave N,Seattle,WA,98103,1200000,4,1.75,Fremont,2730,2920,1921,5,440,,Active,,,http://www.redfin.com/WA/Seattle/4038-Whitman-Ave-N-98103/home/119182,NWMLS,1236414,N,Y,47.6565326,-122.3456417
MLS Listing,,Condo/Co-op,2319 1st Ave #703,Seattle,WA,98121,500000,1,1.0,Belltown,652,,2000,5,767,305,Active,,,http://www.redfin.com/WA/Seattle/2319-1st-Ave-98121/unit-703/home/65159,NWMLS,1236262,N,Y,47.6135938,-122.3474189
MLS Listing,,Townhouse,2356 B Franklin Ave E,Seattle,WA,98102,959950,3,2.0,Eastlake,1503,1062,2017,5,639,,Active,,,http://www.redfin.com/WA/Seattle/2356-Franklin-Ave-E-98102/unit-B/home/113995502,NWMLS,1237384,N,Y,47.6413563,-122.3243575
MLS Listing,,Condo/Co-op,12027 15th Ave NE #101,Seattle,WA,98125,325000,2,2.0,Pinehurst,1158,24907,1980,5,281,402,Active,,,http://www.redfin.com/WA/Seattle/12027-15th-Ave-NE-98125/unit-101/home/2093088,NWMLS,1236431,N,Y,47.716429,-122.3129156
MLS Listing,,Single Family Residential,14009 Interlake Ave N,Seattle,WA,98133,485000,2,1.0,Haller Lake,1112,5200,1952,5,436,,Active,January-31-2018 12:00 PM,January-31-2018 02:30 PM,http://www.redfin.com/WA/Seattle/14009-Interlake-Ave-N-98133/home/102494,NWMLS,1237839,N,Y,47.7308169,-122.3415106
MLS Listing,,Condo/Co-op,129 Warren Ave N Unit H,Seattle,WA,98109,445000,1,1.0,Queen Anne,663,14400,1907,5,671,542,Active,January-31-2018 01:00 PM,January-31-2018 03:00 PM,http://www.redfin.com/WA/Seattle/129-Warren-Ave-N-98109/unit-H/home/12304967,NWMLS,1237305,N,Y,47.619499,-122.3543358
MLS Listing,,Single Family Residential,10255 1st Ave S,Seattle,WA,98168,293700,3,1.0,West Seattle,750,11060,1908,5,392,,Active,,,http://www.redfin.com/WA/Seattle/10255-1st-Ave-S-98168/home/181660,NWMLS,1238208,N,Y,47.5105301,-122.3339146
MLS Listing,,Single Family Residential,12221 8th Ave NW,Seattle,WA,98177,1425000,4,4.5,Broadview,4000,11612,1937,5,356,,Active,January-31-2018 11:00 AM,January-31-2018 01:00 PM,http://www.redfin.com/WA/Seattle/12221-8th-Ave-NW-98177/home/291120,NWMLS,1236960,N,Y,47.7183869,-122.3666814
MLS Listing,,Single Family Residential,7515 Beacon Ave S,Seattle,WA,98118,525000,4,1.5,Beacon Hill,1940,8075,1954,6,271,,Active,,,http://www.redfin.com/WA/Seattle/7515-Beacon-Ave-S-98118/home/481952,NWMLS,1237693,N,Y,47.5348368,-122.2906578
MLS Listing,,Townhouse,8420 25th Ave SW Unit C,Seattle,WA,98106,325000,2,1.5,Westwood,1014,197724,1978,6,321,380,Active,,,http://www.redfin.com/WA/Seattle/8420-25th-Ave-SW-98106/unit-C/home/103956778,NWMLS,1237168,N,Y,47.5276186,-122.3641277
MLS Listing,,Condo/Co-op,3015 SW Avalon Wy #202,Seattle,WA,98126,359950,1,1.5,West Seattle,746,,2002,6,483,434,Active,,,http://www.redfin.com/WA/Seattle/3015-SW-Avalon-Way-98126/unit-202/home/57535,NWMLS,1238132,N,Y,47.566418,-122.3711382
MLS Listing,,Single Family Residential,6545 21st Ave SW,Seattle,WA,98106,599950,3,2.0,West Seattle,1640,5145,1952,6,366,,Active,,,http://www.redfin.com/WA/Seattle/6545-21st-Ave-SW-98106/home/160781,NWMLS,1237885,N,Y,47.5434608,-122.3598774
MLS Listing,,Single Family Residential,4056 SW Prince St,Seattle,WA,98116,719000,2,2.0,North Admiral,1950,4000,1928,6,369,,Active,,,http://www.redfin.com/WA/Seattle/4056-SW-Prince-St-98116/home/150824,NWMLS,1236318,N,Y,47.5825933,-122.3831664
MLS Listing,,Single Family Residential,1709 25th Ave,Seattle,WA,98122,1125000,3,2.25,Madison Valley,1864,1721,2018,6,604,,Active,February-1-2018 12:00 PM,February-1-2018 04:00 PM,http://www.redfin.com/WA/Seattle/1709-25th-Ave-98122/home/112863540,NWMLS,1237447,N,Y,47.616839,-122.300565
MLS Listing,,Multi-Family (2-4 Unit),1524 14th Ave S,Seattle,WA,98144,1650000,9,6.25,N Beacon Hill,3152,4400,1903,6,523,,Active,,,http://www.redfin.com/WA/Seattle/1524-14th-Ave-S-98144/home/40265287,NWMLS,1238084,N,Y,47.5892913,-122.3145874
MLS Listing,,Condo/Co-op,1909 Thorndyke Ave W #1909,Seattle,WA,98199,396000,2,1.0,Magnolia,1090,6120,1949,6,363,289,Active,,,http://www.redfin.com/WA/Seattle/1909-Thorndyke-Ave-W-98199/unit-1909/home/25506027,NWMLS,1236699,N,Y,47.6361378,-122.3899627
MLS Listing,,Single Family Residential,9046 1st Ave NW,Seattle,WA,98117,450000,3,1.75,Greenwood,1110,8451,1946,6,405,,Active,,,http://www.redfin.com/WA/Seattle/9046-1st-Ave-NW-98117/home/100621,NWMLS,1237680,N,Y,47.6956428,-122.3577581
MLS Listing,,Vacant Land,9312 45th Ave SW,Seattle,WA,98136,395000,0,,Fauntleroy,,5000,,6,,,Active,,,http://www.redfin.com/WA/Seattle/9312-45th-Ave-SW-98136/home/156302,NWMLS,1238004,N,Y,47.5196855,-122.3902746
MLS Listing,,Townhouse,4426 Evanston Ave N,Seattle,WA,98103,1075000,3,1.75,Fremont,1616,1110,2017,6,665,,Active,January-31-2018 02:00 PM,January-31-2018 04:00 PM,http://www.redfin.com/WA/Seattle/4426-Evanston-Ave-N-98103/home/144466644,NWMLS,1237364,N,Y,47.6610094,-122.3507271
MLS Listing,,Townhouse,211 26th Ave E Unit B,Seattle,WA,98112,825000,3,2.5,Madison Valley,1780,1173,2008,6,463,,Active,,,http://www.redfin.com/WA/Seattle/211-26th-Ave-E-98112/unit-B/home/18658026,NWMLS,1237729,N,Y,47.620528,-122.299068
MLS Listing,,Condo/Co-op,1819 E Denny Wy #303,Seattle,WA,98122,475000,1,1.0,Capitol Hill,747,,1996,6,636,400,Active,February-1-2018 11:00 AM,February-1-2018 01:00 PM,http://www.redfin.com/WA/Seattle/1819-E-Denny-Way-98122/unit-303/home/15891,NWMLS,1234870,N,Y,47.6182082,-122.3077906
MLS Listing,,Condo/Co-op,1610 Belmont Ave #514,Seattle,WA,98122,370000,1,1.0,Capitol Hill,480,,2001,6,771,276,Active,,,http://www.redfin.com/WA/Seattle/1610-Belmont-Ave-98122/unit-514/home/12093008,NWMLS,1237764,N,Y,47.615798,-122.324155
MLS Listing,,Townhouse,3816 22nd Ave SW,Seattle,WA,98106,779950,3,2.0,Pigeon Point,1735,1245,2017,6,450,,Active,,,http://www.redfin.com/WA/Seattle/3816-22nd-Ave-SW-98106/home/160309,NWMLS,1232169,N,Y,47.569781,-122.360686
MLS Listing,,Condo/Co-op,812 5th Ave N #408,Seattle,WA,98109,469000,0,,Queen Anne,559,21600,2002,6,839,286,Active,,,http://www.redfin.com/WA/Seattle/812-5th-Ave-N-98109/unit-408/home/2118451,NWMLS,1235563,N,Y,47.6268466,-122.3471719
MLS Listing,,Single Family Residential,6533 43rd Ave S,Seattle,WA,98118,429967,4,1.75,Brighton,2400,7494,1907,6,179,,Active,,,http://www.redfin.com/WA/Seattle/6533-43rd-Ave-S-98118/home/173423,NWMLS,1236923,N,Y,47.5432032,-122.2800482
MLS Listing,,Townhouse,568 Galer St Unit B,Seattle,WA,98109,875000,3,2.5,Queen Anne,1616,863,2008,6,541,,Active,,,http://www.redfin.com/WA/Seattle/568-Galer-St-98109/unit-B/home/21883110,NWMLS,1237400,N,Y,47.632423,-122.3451009
MLS Listing,,Single Family Residential,1323 3rd Ave W,Seattle,WA,98119,2295000,5,3.25,Queen Anne,4520,5922,1900,6,508,,Active,February-3-2018 01:00 PM,February-3-2018 03:00 PM,http://www.redfin.com/WA/Seattle/1323-3rd-Ave-W-98119/home/133727,NWMLS,1237186,N,Y,47.6311882,-122.3608945
MLS Listing,,Townhouse,927 N 97th St Unit B,Seattle,WA,98103,629000,3,2.5,Greenwood,1530,1131,2009,6,411,,Active,,,http://www.redfin.com/WA/Seattle/927-N-97th-St-98103/unit-B/home/22223803,NWMLS,1237494,N,Y,47.699263,-122.346107
MLS Listing,,Single Family Residential,2349 NE 127th St,Seattle,WA,98125,492000,2,1.0,Olympic Hills,700,10500,1929,6,703,,Active,February-4-2018 01:00 PM,February-4-2018 04:00 PM,http://www.redfin.com/WA/Seattle/2349-NE-127th-St-98125/home/115098,NWMLS,1237781,N,Y,47.7209342,-122.3024866
MLS Listing,,Townhouse,8419 25th Ave SW Unit C,Seattle,WA,98106,329000,2,1.5,Delridge,1014,197724,1979,6,324,380,Active,,,http://www.redfin.com/WA/Seattle/8419-25th-Ave-SW-98106/unit-C/home/144766635,NWMLS,1237115,N,Y,47.5276111,-122.3648698
MLS Listing,,Townhouse,11211 Greenwood Ave N Unit C,Seattle,WA,98133,550000,3,2.5,Greenwood,1340,1221,2002,6,410,,Active,,,http://www.redfin.com/WA/Seattle/11211-Greenwood-Ave-N-98133/unit-C/home/95315,NWMLS,1235650,N,Y,47.7108688,-122.356048
MLS Listing,,Single Family Residential,10908 49th Ave S,Tukwila,WA,98178,319000,1,1.0,Tukwila,860,5265,1931,6,371,,Active,,,http://www.redfin.com/WA/Tukwila/10908-49th-Ave-S-98178/home/175497,NWMLS,1236931,N,Y,47.504757,-122.272181
MLS Listing,,Condo/Co-op,303 N 44 St #302,Seattle,WA,98103,299000,0,1.0,Fremont,517,10000,1969,6,578,258,Active,,,http://www.redfin.com/WA/Seattle/303-N-44th-St-98103/unit-302/home/9425,NWMLS,1237620,N,Y,47.6600118,-122.355081
MLS Listing,,Single Family Residential,3536 SW 105th St,Seattle,WA,98146,449950,2,1.0,Arbor Heights,920,6120,1947,6,489,,Active,,,http://www.redfin.com/WA/Seattle/3536-SW-105th-St-98146/home/155921,NWMLS,1237308,N,Y,47.5089311,-122.3769516
MLS Listing,,Townhouse,630 B NW 85th,Seattle,WA,98117,769950,3,2.0,Greenwood,1621,950,2018,6,475,,Active,February-3-2018 01:00 PM,February-3-2018 04:00 PM,http://www.redfin.com/WA/Seattle/630-NW-85th-St-98117/unit-A/home/25674330,NWMLS,1234280,N,Y,47.6906431,-122.3647047
MLS Listing,,Condo/Co-op,2600 2nd Ave #1701,Seattle,WA,98121,499950,1,1.0,Belltown,637,25918,1993,6,785,501,Active,,,http://www.redfin.com/WA/Seattle/2600-2nd-Ave-98121/unit-1701/home/60672,NWMLS,1236201,N,Y,47.6163328,-122.3491116
MLS Listing,,Condo/Co-op,2721 1st Ave #205,Seattle,WA,98121,589950,1,1.0,Belltown,893,,2005,6,661,668,Active,,,http://www.redfin.com/WA/Seattle/2721-1st-Ave-98121/unit-205/home/2086048,NWMLS,1232247,N,Y,47.6160099,-122.3515296
MLS Listing,,Condo/Co-op,2901 S Jackson St #408,Seattle,WA,98144,440000,2,1.0,Leschi,852,10056,2004,6,516,496,Active,,,http://www.redfin.com/WA/Seattle/2901-S-Jackson-St-98144/unit-408/home/12091424,NWMLS,1235852,N,Y,47.5989913,-122.2947162
MLS Listing,,Single Family Residential,2222 E Crescent Dr,Seattle,WA,98112,2350000,5,3.0,Capitol Hill,4700,10125,1907,7,500,,Active,,,http://www.redfin.com/WA/Seattle/2222-E-Crescent-Dr-98112/home/136409,NWMLS,1236611,N,Y,47.6333735,-122.3024645
MLS Listing,,Single Family Residential,3301 27th Ave S,Seattle,WA,98144,699500,4,2.75,N Beacon Hill,1640,3880,1919,7,427,,Active,,,http://www.redfin.com/WA/Seattle/3301-27th-Ave-S-98144/home/167841,NWMLS,1237251,N,Y,47.5738854,-122.2980332
MLS Listing,,Condo/Co-op,2301 Fairview Ave E #215,Seattle,WA,98102,925000,0,1.5,Eastlake,913,,1968,7,1013,518,Active,February-2-2018 04:00 PM,February-2-2018 07:00 PM,http://www.redfin.com/WA/Seattle/2301-Fairview-Ave-E-98102/unit-215/home/22956,NWMLS,1237233,N,Y,47.6400949,-122.3300722
MLS Listing,,Condo/Co-op,2301 Fairview Ave E #214,Seattle,WA,98102,1200000,2,1.75,Eastlake,1384,,1968,7,867,788,Active,February-2-2018 04:00 PM,February-2-2018 07:00 PM,http://www.redfin.com/WA/Seattle/2301-Fairview-Ave-E-98102/unit-214/home/113054450,NWMLS,1237237,N,Y,47.6400949,-122.3300722
MLS Listing,,Single Family Residential,14015 36th Ave NE,Seattle,WA,98125,575000,3,1.75,Cedar Park,1260,8139,1933,7,456,,Active,,,http://www.redfin.com/WA/Seattle/14015-36th-Ave-NE-98125/home/111917,NWMLS,1237505,N,Y,47.7305989,-122.290026
MLS Listing,,Single Family Residential,8735 1st Ave NW,Seattle,WA,98117,529500,0,,Greenwood,,6350,1936,7,,,Active,,,http://www.redfin.com/WA/Seattle/8735-1st-Ave-NW-98117/home/100365,NWMLS,1236766,N,Y,47.6934065,-122.3582435
MLS Listing,,Single Family Residential,926 N 79th St,Seattle,WA,98103,400000,2,1.0,Green Lake,1030,4500,1910,7,388,,Active,,,http://www.redfin.com/WA/Seattle/926-N-79th-St-98103/home/301175,NWMLS,1237573,N,Y,47.6864218,-122.3460183
MLS Listing,,Single Family Residential,6246 33rd Ave NE,Seattle,WA,98115,2095000,5,3.5,Bryant,3611,5000,2018,7,580,,Active,,,http://www.redfin.com/WA/Seattle/6246-33rd-Ave-NE-98115/home/312703,NWMLS,1236910,N,Y,47.6753801,-122.2919407
MLS Listing,,Single Family Residential,6306 Wilson Ave S,Seattle,WA,98118,1085000,5,2.25,Seward Park,3420,6240,1930,7,317,,Active,,,http://www.redfin.com/WA/Seattle/6306-Wilson-Ave-S-98118/home/489402,NWMLS,1236867,N,Y,47.5457901,-122.2634772
MLS Listing,,Townhouse,1406 B E Fir St,Seattle,WA,98122,800000,2,1.75,Central Area,1730,845,2008,7,462,,Active,,,http://www.redfin.com/WA/Seattle/1406-E-Fir-St-98122/home/28581711,NWMLS,1234401,N,Y,47.602973,-122.313746
MLS Listing,,Townhouse,4370 28th Ave S,Seattle,WA,98108,628000,3,2.25,Columbia City,1520,2814,2007,7,413,262,Active,,,http://www.redfin.com/WA/Seattle/4370-28th-Ave-S-98108/home/8187457,NWMLS,1237580,N,Y,47.5630705,-122.2978459
MLS Listing,,Single Family Residential,8128 20th Ave SW,Seattle,WA,98106,547000,3,2.0,Delridge,1660,5135,1927,7,330,,Active,,,http://www.redfin.com/WA/Seattle/8128-20th-Ave-SW-98106/home/475725,NWMLS,1234856,N,Y,47.5291978,-122.3587828
MLS Listing,,Single Family Residential,10358 Riviera Place NE,Seattle,WA,98125,1200000,2,2.5,Matthews Beach,1560,1736,1990,7,769,,Active,,,http://www.redfin.com/WA/Seattle/10358-Riviera-Pl-NE-98125/home/319055,NWMLS,1235310,N,Y,47.7043548,-122.2746059
MLS Listing,,Single Family Residential,5757 30th Ave NE,Seattle,WA,98105,915000,3,1.75,Bryant,1810,3482,1923,7,506,,Active,,,http://www.redfin.com/WA/Seattle/5757-30th-Ave-NE-98105/home/313016,NWMLS,1236385,N,Y,47.6719885,-122.295315
MLS Listing,,Condo/Co-op,2717 Franklin Ave E #202,Seattle,WA,98102,390000,1,1.0,Eastlake,733,8255,1930,7,532,480,Active,,,http://www.redfin.com/WA/Seattle/2717-Franklin-Ave-E-98102/unit-202/home/70057,NWMLS,1237360,N,Y,47.6451052,-122.3249857
MLS Listing,,Single Family Residential,9551 Wallingford Ave N,Seattle,WA,98103,580000,3,1.0,Licton Springs,1000,5000,1962,7,580,,Active,January-31-2018 11:00 AM,January-31-2018 01:00 PM,http://www.redfin.com/WA/Seattle/9551-Wallingford-Ave-N-98103/home/104938,NWMLS,1236823,N,Y,47.6993204,-122.336799
MLS Listing,,Condo/Co-op,1740 Melrose Ave #306,Seattle,WA,98122,590000,2,1.75,Capitol Hill,1205,,1963,7,490,585,Active,,,http://www.redfin.com/WA/Seattle/1740-Melrose-Ave-98122/unit-306/home/6637,NWMLS,1235888,N,Y,47.6181332,-122.3275464
MLS Listing,,Condo/Co-op,1200 Boylston Ave #300,Seattle,WA,98101,489000,2,1.0,First Hill,800,10796,1960,7,611,585,Active,,,http://www.redfin.com/WA/Seattle/1200-Boylston-Ave-98101/unit-300/home/20784,NWMLS,1237346,N,Y,47.6124512,-122.322985
MLS Listing,,Single Family Residential,5942 31st Ave SW,Seattle,WA,98126,549950,2,2.25,High Point,1500,1875,2007,7,367,110,Active,February-3-2018 01:00 PM,February-3-2018 04:00 PM,http://www.redfin.com/WA/Seattle/5942-31st-Ave-SW-98126/home/12302956,NWMLS,1234939,N,Y,47.5488255,-122.3719426
MLS Listing,,Townhouse,1537 NW 58th St Unit B,Seattle,WA,98107,685000,2,2.25,Ballard,1260,1249,2006,7,544,,Active,,,http://www.redfin.com/WA/Seattle/1537-NW-58th-St-98107/unit-B/home/8189637,NWMLS,1233007,N,Y,47.670605,-122.377876
MLS Listing,,Townhouse,906 29th Ave S,Seattle,WA,98144,730000,3,2.5,Leschi,1630,1425,2012,7,448,,Active,,,http://www.redfin.com/WA/Seattle/906-29th-Ave-S-98144/home/144764248,NWMLS,1236129,N,Y,47.5942113,-122.2954371
MLS Listing,,Single Family Residential,9690 51st Ave S Unit C,Seattle,WA,98118,699950,5,2.75,Seattle,2467,7242,2018,7,284,,Active,,,http://www.redfin.com/WA/Seattle/9690-51st-Ave-S-98118/unit-C/home/22440114,NWMLS,1229507,N,Y,47.5143021,-122.269089
MLS Listing,,Single Family Residential,9690 51st Ave S Unit B,Seattle,WA,98118,699950,5,2.75,Seattle,2467,7242,2018,7,284,,Active,,,http://www.redfin.com/WA/Seattle/9690-51st-Ave-S-98118/unit-B/home/22440113,NWMLS,1227376,N,Y,47.5143021,-122.269089
MLS Listing,,Condo/Co-op,1616 Summit Ave Unit N302,Seattle,WA,98122,535000,2,1.0,Capitol Hill,777,24881,1990,7,689,449,Active,,,http://www.redfin.com/WA/Seattle/1616-Summit-Ave-98122/unit-N302/home/144764085,NWMLS,1237166,N,Y,47.6160688,-122.3252502
MLS Listing,,Single Family Residential,4715 45th Ave NE,Seattle,WA,98105,1185000,4,1.5,Laurelhurst,2210,7140,1928,7,536,,Active,,,http://www.redfin.com/WA/Seattle/4715-45th-Ave-NE-98105/home/122038,NWMLS,1236660,N,Y,47.6635573,-122.2797085
MLS Listing,,Single Family Residential,6750 39th Ave SW,Seattle,WA,98136,1250000,4,3.75,Gatewood,3324,5770,1929,7,376,,Active,,,http://www.redfin.com/WA/Seattle/6750-39th-Ave-SW-98136/home/468583,NWMLS,1236770,N,Y,47.5414116,-122.3815633
MLS Listing,,Single Family Residential,2647 Cascadia Ave S,Seattle,WA,98144,2785000,5,4.5,Seattle,6140,8050,1913,7,454,,Active,,,http://www.redfin.com/WA/Seattle/2647-Cascadia-Ave-S-98144/home/488632,NWMLS,1237292,N,Y,47.579006,-122.285909
MLS Listing,,Condo/Co-op,3104 Western Ave #103,Seattle,WA,98121,650000,1,1.5,Belltown,1109,25853,2008,7,586,730,Active,,,http://www.redfin.com/WA/Seattle/3104-Western-Ave-98121/unit-103/home/17382860,NWMLS,1236159,N,Y,47.6181731,-122.3560665
MLS Listing,,Single Family Residential,4810 28th Ave S,Seattle,WA,98108,879950,4,2.25,Beacon Hill,2818,5019,1961,7,312,,Active,,,http://www.redfin.com/WA/Seattle/4810-28th-Ave-S-98108/home/477989,NWMLS,1235215,N,Y,47.5593237,-122.296511
MLS Listing,,Single Family Residential,4316 NE 56th St,Seattle,WA,98105,1950000,4,3.25,Hawthorne Hills,3907,6400,2017,7,499,,Active,,,http://www.redfin.com/WA/Seattle/4316-NE-56th-St-98105/home/313965,NWMLS,1237173,N,Y,47.669667,-122.2813214
MLS Listing,,Single Family Residential,5224 39th Ave NE,Seattle,WA,98105,625000,2,2.0,Bryant,990,4000,1941,7,631,,Active,,,http://www.redfin.com/WA/Seattle/5224-39th-Ave-NE-98105/home/314548,NWMLS,1230123,N,Y,47.6677314,-122.2854129
MLS Listing,,Single Family Residential,10686 Marine View Drive Dr SW,Seattle,WA,98146,1095000,4,2.75,Arroyo,3080,11700,1942,7,356,,Active,,,http://www.redfin.com/WA/Seattle/10686-Marine-View-Dr-SW-98146/home/158399,NWMLS,1237017,N,Y,47.5067487,-122.3853916
MLS Listing,,Single Family Residential,910 NW 51st St Unit B,Seattle,WA,98107,559000,1,1.5,Ballard,760,816,2009,7,736,,Active,,,http://www.redfin.com/WA/Seattle/910-NW-51st-St-98107/unit-B/home/25674638,NWMLS,1235571,N,Y,47.666011,-122.369107
MLS Listing,,Condo/Co-op,417 E Pine St #310,Seattle,WA,98122,383200,1,1.0,Capitol Hill,592,17244,1919,7,647,446,Active,,,http://www.redfin.com/WA/Seattle/417-E-Pine-St-98122/unit-310/home/66268,NWMLS,1235643,N,Y,47.6149843,-122.3258128
MLS Listing,,Condo/Co-op,2600 2nd Ave #321,Seattle,WA,98121,350000,0,1.0,Belltown,469,,1993,8,746,381,Active,,,http://www.redfin.com/WA/Seattle/2600-2nd-Ave-98121/unit-321/home/28140,NWMLS,1237126,N,Y,47.6163328,-122.3491116
MLS Listing,,Single Family Residential,3718 48th Ave NE,Seattle,WA,98105,1950000,5,3.25,Laurelhurst,3874,8186,1975,8,503,,Active,,,http://www.redfin.com/WA/Seattle/3718-48th-Ave-NE-98105/home/122435,NWMLS,1236678,N,Y,47.6553203,-122.2750608
MLS Listing,,Condo/Co-op,1105 Spring St #801,Seattle,WA,98104,389000,1,1.0,First Hill,550,15360,1950,8,707,424,Active,,,http://www.redfin.com/WA/Seattle/1105-Spring-St-98104/unit-801/home/11905732,NWMLS,1236754,N,Y,47.6099737,-122.3252597
MLS Listing,,Condo/Co-op,1521 2nd Ave #2100,Seattle,WA,98101,2900000,2,1.75,Seattle,1824,,2008,8,1590,1289,Active,,,http://www.redfin.com/WA/Seattle/116-Pike-St-98101/unit-2100/home/21616643,NWMLS,1234631,N,Y,47.6093556,-122.3395072
MLS Listing,,Single Family Residential,708 S Director St,Seattle,WA,98108,314950,2,1.0,South Park,580,6000,1951,8,543,,Active,,,http://www.redfin.com/WA/Seattle/708-S-Director-St-98108/home/477313,NWMLS,1236555,N,Y,47.5223808,-122.3251981
MLS Listing,,Townhouse,818 26th Ave S,Seattle,WA,98144,779000,3,2.5,Judkins,1705,2150,2007,8,457,,Active,,,http://www.redfin.com/WA/Seattle/818-26th-Ave-S-98144/home/12304358,NWMLS,1236447,N,Y,47.5949479,-122.2987869
MLS Listing,,Single Family Residential,7502 Ridge Dr NE,Seattle,WA,98115,1699950,5,2.75,Sand Point,3240,8118,1940,8,525,67,Active,,,http://www.redfin.com/WA/Seattle/7502-Ridge-Dr-NE-98115/home/321421,NWMLS,1233902,N,Y,47.6837146,-122.2749578
MLS Listing,,Single Family Residential,2343 44th Ave SW,Seattle,WA,98116,950000,4,2.5,West Seattle,2730,5750,1907,8,348,,Active,,,http://www.redfin.com/WA/Seattle/2343-44th-Ave-SW-98116/home/331351,NWMLS,1235101,N,Y,47.5817483,-122.3881219
MLS Listing,,Single Family Residential,1526 37th Ave E,Seattle,WA,98112,2389000,4,4.0,Madison Park,3886,4500,2008,8,615,,Active,,,http://www.redfin.com/WA/Seattle/1526-37th-Ave-E-98112/home/139492,NWMLS,1235190,N,Y,47.6330406,-122.2849791
MLS Listing,,Single Family Residential,518 N 80th St,Seattle,WA,98103,799000,4,1.75,Greenwood,2010,3774,1925,8,398,,Active,February-4-2018 11:00 AM,February-4-2018 02:00 PM,http://www.redfin.com/WA/Seattle/518-N-80th-St-98103/home/300257,NWMLS,1232891,N,Y,47.6871517,-122.3516044
MLS Listing,,Single Family Residential,1515 NE 97th St,Seattle,WA,98115,599000,3,1.0,Maple Leaf,1610,7666,1926,8,372,,Active,,,http://www.redfin.com/WA/Seattle/1515-NE-97th-St-98115/home/107278,NWMLS,1236270,N,Y,47.6992204,-122.3114587
MLS Listing,,Single Family Residential,4516 W Ruffner St,Seattle,WA,98199,1150000,4,2.25,Magnolia,2700,8600,1954,8,426,,Active,,,http://www.redfin.com/WA/Seattle/4516-W-Ruffner-St-98199/home/127893,NWMLS,1235850,N,Y,47.6531438,-122.4155448
MLS Listing,,Condo/Co-op,1321 Seneca St #607,Seattle,WA,98101,1165500,2,1.75,First Hill,1181,14401,2016,8,987,890,Active,February-3-2018 12:00 PM,February-3-2018 03:00 PM,http://www.redfin.com/WA/Seattle/1321-Seneca-St-98101/unit-607/home/104202623,NWMLS,1233311,N,Y,47.6118796,-122.3230731
MLS Listing,,Single Family Residential,8005 17th Ave NW,Seattle,WA,98117,565500,2,1.0,Loyal Heights,900,4005,1925,9,628,,Active,,,http://www.redfin.com/WA/Seattle/8005-17th-Ave-NW-98117/home/166427,NWMLS,1236302,N,Y,47.6871337,-122.3792119
MLS Listing,,Condo/Co-op,2717 Western Ave #624,Seattle,WA,98121,545000,1,1.0,Belltown,692,,2001,9,788,364,Active,,,http://www.redfin.com/WA/Seattle/2717-Western-Ave-98121/unit-624/home/12006,NWMLS,1235481,N,Y,47.6151802,-122.352209
MLS Listing,,Multi-Family (2-4 Unit),5215 38th Ave SW,Seattle,WA,98126,1150000,8,4.0,Fairmount,3424,4801,1989,9,336,,Active,,,http://www.redfin.com/WA/Seattle/5215-38th-Ave-SW-98126/home/2065528,NWMLS,1234571,N,Y,47.5551123,-122.3806055
MLS Listing,,Townhouse,1742 12th Ave S Unit B,Seattle,WA,98144,749999,2,1.5,Beacon Hill,1477,884,2018,9,508,,Active,,,http://www.redfin.com/WA/Seattle/1742-12th-Ave-S-98144/unit-B/home/144758854,NWMLS,1236423,N,Y,47.5871641,-122.3172927
MLS Listing,,Moorage,2143 N Northlake Wy #14,Seattle,WA,98103,110000,0,,Lake Union,330,94962,1984,9,333,292,Active,,,http://www.redfin.com/WA/Seattle/2143-N-Northlake-Way-98103/unit-14/home/41729,NWMLS,1236093,N,Y,47.6471181,-122.3325615
MLS Listing,,Single Family Residential,4511 NE 38th St,Seattle,WA,98105,2195000,4,3.0,Laurelhurst,4044,9875,1938,9,543,,Active,,,http://www.redfin.com/WA/Seattle/4511-NE-38th-St-98105/home/122140,NWMLS,1235832,N,Y,47.655167,-122.27886
MLS Listing,,Single Family Residential,7505 Seward Park Ave S,Seattle,WA,98118,1249950,4,2.25,Seward Park,3900,14525,1939,10,321,,Active,February-2-2018 02:00 PM,February-2-2018 04:00 PM,http://www.redfin.com/WA/Seattle/7505-Seward-Park-Ave-S-98118/home/174863,NWMLS,1236058,N,Y,47.5351377,-122.2676272
MLS Listing,,Single Family Residential,5007 47th Ave S,Seattle,WA,98118,599950,4,1.0,Seward Park,2100,8196,1958,11,286,,Active,,,http://www.redfin.com/WA/Seattle/5007-47th-Ave-S-98118/home/490996,NWMLS,1235642,N,Y,47.5568517,-122.2747477
MLS Listing,,Multi-Family (2-4 Unit),8316 Wabash Ave S,Seattle,WA,98118,750000,7,4.0,Rainier Valley,3740,6000,1978,11,201,,Active,,,http://www.redfin.com/WA/Seattle/8316-Wabash-Ave-S-98118/home/2089767,NWMLS,1235634,N,Y,47.529122,-122.26901
MLS Listing,,Single Family Residential,11037 Palatine Ave N,Seattle,WA,98133,1495000,4,3.5,Broadview,3710,7560,2018,12,403,,Active,February-4-2018 01:00 PM,February-4-2018 04:00 PM,http://www.redfin.com/WA/Seattle/11037-Palatine-Ave-N-98133/home/96831,NWMLS,1235142,N,Y,47.709905,-122.3571106
MLS Listing,,Condo/Co-op,909 5th Ave #1400,Seattle,WA,98164,750000,1,1.0,Downtown,913,9525,2008,12,821,700,Active,February-3-2018 12:00 PM,February-3-2018 02:00 PM,http://www.redfin.com/WA/Seattle/909-5th-Ave-98164/unit-1400/home/17383170,NWMLS,1235950,N,Y,47.6062446,-122.3319929
MLS Listing,,Vacant Land,3040 S Ferdinand St,Seattle,WA,98108,320000,0,,Columbia City,,13200,,12,,,Active,,,http://www.redfin.com/WA/Seattle/3040-S-Ferdinand-St-98108/home/22089378,NWMLS,1235940,N,Y,47.558288,-122.2941553
MLS Listing,,Single Family Residential,809 N 47th St,Seattle,WA,98103,1350000,4,2.75,Fremont,3510,5000,1913,12,385,,Active,,,http://www.redfin.com/WA/Seattle/809-N-47th-St-98103/home/299653,NWMLS,1235910,N,Y,47.6626863,-122.348154
MLS Listing,,Other,1818 Westlake Ave N Unit D18,Seattle,WA,98109,160000,1,0.75,South Lake Union,240,1,1984,12,667,945,Active,,,http://www.redfin.com/WA/Seattle/1818-Westlake-Ave-N-98109/unit-D18/home/126552788,NWMLS,1235908,N,Y,47.6353769,-122.3397872
MLS Listing,,Single Family Residential,5202 36th Ave SW,Seattle,WA,98126,550000,4,1.0,Fairmount,2140,3000,1922,12,257,,Active,,,http://www.redfin.com/WA/Seattle/5202-36th-Ave-SW-98126/home/471473,NWMLS,1234383,N,Y,47.5554485,-122.3773067
MLS Listing,,Other,1080 W Ewing Place,Seattle,WA,98119,330000,3,0.75,Queen Anne,500,1,2007,12,660,650,Active,,,http://www.redfin.com/WA/Seattle/1080-W-Ewing-Pl-98119/unit-765/home/143847794,NWMLS,1235823,N,Y,47.655881,-122.369542
MLS Listing,,Single Family Residential,4427 30th Ave W,Seattle,WA,98199,1775000,4,3.5,Magnolia,3643,4000,2017,12,487,,Active,,,http://www.redfin.com/WA/Seattle/4427-30th-Ave-W-98199/home/106395563,NWMLS,1231469,N,Y,47.6608111,-122.3961123
MLS Listing,,Condo/Co-op,827 Hiawatha Place S #409,Seattle,WA,98144,395000,2,1.0,Judkins,858,,2009,12,460,363,Active,,,http://www.redfin.com/WA/Seattle/827-Hiawatha-Pl-S-98144/unit-409/home/28624798,NWMLS,1234829,N,Y,47.5951915,-122.3100111
MLS Listing,,Multi-Family (5+ Unit),1771 NW 59th St,Seattle,WA,98107,1695000,9,6.5,Ballard,4668,4200,1971,12,363,,Active,,,http://www.redfin.com/WA/Seattle/1771-NW-59th-St-98107/home/2064135,NWMLS,1233835,N,Y,47.6714842,-122.3818021
MLS Listing,,Single Family Residential,3738 W Commodore Wy,Seattle,WA,98199,1339000,3,3.5,Magnolia,2480,12005,1939,12,540,,Active,,,http://www.redfin.com/WA/Seattle/3738-W-Commodore-Way-98199/home/144727594,NWMLS,1235729,N,Y,47.6661072,-122.4075971
MLS Listing,,Townhouse,4022 A Martin Luther King Jr. Wy S,Seattle,WA,98108,729950,3,2.0,Columbia City,1720,1453,2018,12,424,,Active,,,http://www.redfin.com/WA/Seattle/4022-Martin-Luther-King-Junior-Way-S-98108/home/144727428,NWMLS,1235636,N,Y,47.567376,-122.2964185
MLS Listing,,Single Family Residential,8222 S 120th St,Seattle,WA,98178,650000,5,2.5,Bryn Mawr,2490,9450,1968,12,261,,Active,,,http://www.redfin.com/WA/Seattle/8222-S-120th-St-98178/home/199113,NWMLS,1234352,N,Y,47.496267,-122.22925
MLS Listing,,Single Family Residential,5510 30th Ave NE,Seattle,WA,98105,988000,3,1.75,Bryant,2157,4480,1930,12,458,,Active,,,http://www.redfin.com/WA/Seattle/5510-30th-Ave-NE-98105/home/312716,NWMLS,1234326,N,Y,47.6688722,-122.2947344
MLS Listing,,Single Family Residential,7551 S 120th St,Seattle,WA,98168,519000,4,1.75,Skyway,1640,6656,1944,13,316,,Active,,,http://www.redfin.com/WA/Seattle/7551-S-120th-St-98178/home/198919,NWMLS,1231934,N,Y,47.4958196,-122.2392796
MLS Listing,,Single Family Residential,18 W McGraw St,Seattle,WA,98119,1495000,4,3.0,Queen Anne,2480,3600,1906,13,603,,Active,,,http://www.redfin.com/WA/Seattle/18-W-McGraw-St-98119/home/129556,NWMLS,1235402,N,Y,47.639812,-122.3578581
MLS Listing,,Single Family Residential,10114 Holyoke Wy S,Seattle,WA,98178,905000,4,3.0,Rainier Beach,2227,12555,1909,13,406,,Active,,,http://www.redfin.com/WA/Seattle/10114-Holyoke-Way-S-98178/home/177300,NWMLS,1229751,N,Y,47.5105395,-122.2494157
MLS Listing,,Single Family Residential,7536 43rd Ave S Unit E,Seattle,WA,98118,635000,3,2.5,Brighton,1356,1084,2018,13,468,40,Active,,,http://www.redfin.com/WA/Seattle/7536-43rd-Ave-S-98118/unit-E/home/144721121,NWMLS,1235317,N,Y,47.5340782,-122.2790534
MLS Listing,,Condo/Co-op,3045 20th Ave W #310,Seattle,WA,98199,415000,2,1.0,Magnolia,708,12002,1988,13,586,359,Active,,,http://www.redfin.com/WA/Seattle/3045-20th-Ave-W-98199/unit-310/home/12306191,NWMLS,1233884,N,Y,47.6479081,-122.3823857
MLS Listing,,Single Family Residential,1000 14th Ave E,Seattle,WA,98112,7500000,7,6.25,Capitol Hill,12280,16874,1914,13,611,,Active,,,http://www.redfin.com/WA/Seattle/1000-14th-Ave-E-98112/home/135946,NWMLS,1233422,N,Y,47.6279077,-122.314183
MLS Listing,,Condo/Co-op,5650 24th Ave NW #210,Seattle,WA,98107,529950,1,1.0,Ballard,744,23600,2007,13,712,388,Active,January-31-2018 11:00 AM,January-31-2018 01:00 PM,http://www.redfin.com/WA/Seattle/5650-24th-Ave-NW-98107/unit-210/home/12448304,NWMLS,1232562,N,Y,47.6698059,-122.3872012
MLS Listing,,Condo/Co-op,4530 Meridian Ave N Unit S-6,Seattle,WA,98103,338000,1,1.0,Wallingford,443,11967,1985,13,763,398,Active,,,http://www.redfin.com/WA/Seattle/4530-Meridian-Ave-N-98103/unit-S6/home/23378,NWMLS,1234391,N,Y,47.6624014,-122.3334088
MLS Listing,,Townhouse,1228 B 5th Ave N,Seattle,WA,98109,995950,2,2.0,Queen Anne,1398,801,2017,14,712,,Active,February-3-2018 01:00 PM,February-3-2018 04:00 PM,http://www.redfin.com/WA/Seattle/1228-5th-Ave-N-98109/home/132271,NWMLS,1235127,N,Y,47.6306687,-122.3472406
MLS Listing,,Single Family Residential,5332 S Kenyon St,Seattle,WA,98118,1750000,6,3.25,Seward Park,5150,34606,1907,14,340,,Active,,,http://www.redfin.com/WA/Seattle/5332-S-Kenyon-St-98118/home/489368,NWMLS,1235037,N,Y,47.5321435,-122.2648498
MLS Listing,,Single Family Residential,2820 NE 107th St,Seattle,WA,98125,549000,3,1.0,Meadowbrook,1170,6768,1963,14,469,,Active,,,http://www.redfin.com/WA/Seattle/2820-NE-107th-St-98125/home/112517,NWMLS,1234118,N,Y,47.7071011,-122.2969875
MLS Listing,,Single Family Residential,13743 1st Ave NW,Seattle,WA,98177,824950,5,3.0,Broadview,2180,6750,1991,14,378,,Active,,,http://www.redfin.com/WA/Seattle/13743-1st-Ave-NW-98177/home/96488,NWMLS,1234566,N,Y,47.7299444,-122.358566
MLS Listing,,Condo/Co-op,3650 26th Place W Unit 401A,Seattle,WA,98199,725000,2,1.5,Magnolia,1500,,1973,14,483,472,Active,,,http://www.redfin.com/WA/Seattle/3650-26th-Pl-W-98199/unit-401A/home/103953393,NWMLS,1234714,N,Y,47.6532076,-122.3896671
MLS Listing,,Vacant Land,50 35th Ave SW,Seattle,WA,98126,325000,0,,Fairmount,,4720,,14,,,Active,,,http://www.redfin.com/WA/Seattle/50-35th-Ave-SW-Unknown/home/144717027,NWMLS,1232412,N,Y,47.555866,-122.376612
MLS Listing,,Single Family Residential,3930 B S Brandon St Unit B,Seattle,WA,98118,729888,2,2.0,Columbia City,1699,1312,2018,14,430,,Active,,,http://www.redfin.com/WA/Seattle/3930-S-Brandon-St-98118/unit-B/home/144716796,NWMLS,1234682,N,Y,47.5534282,-122.2820849
MLS Listing,,Single Family Residential,3930 A S Brandon St Unit A,Seattle,WA,98118,749888,3,2.0,Columbia City,1735,1312,2018,14,432,,Active,,,http://www.redfin.com/WA/Seattle/3930-S-Brandon-St-98118/unit-A/home/144716746,NWMLS,1234672,N,Y,47.5534282,-122.2820849
MLS Listing,,Vacant Land,2358 S Angeline St,Seattle,WA,98108,850000,0,,Beacon Hill,,16040,,14,,,Active,,,http://www.redfin.com/WA/Seattle/2358-S-Angeline-St-98108/home/168952,NWMLS,1233004,N,Y,47.560889,-122.301894
MLS Listing,,Single Family Residential,9911 6th Ave SW,Seattle,WA,98106,709800,4,3.25,Seattle,2485,3004,2018,15,286,68,Active,January-31-2018 12:30 PM,January-31-2018 03:00 PM,http://www.redfin.com/WA/Seattle/9911-6th-Ave-SW-98106/home/144712314,NWMLS,1233967,N,Y,47.5141489,-122.3421309
MLS Listing,,Single Family Residential,8645 44th Ave S,Seattle,WA,98118,589000,5,2.75,Rainier Beach,2430,5012,1980,15,242,,Active,,,http://www.redfin.com/WA/Seattle/8645-44th-Ave-S-98118/home/479782,NWMLS,1233851,N,Y,47.5247727,-122.2782662
MLS Listing,,Condo/Co-op,588 Bell St Unit 1407S,Seattle,WA,98121,1625000,2,1.75,Downtown,1523,41847,2015,15,1067,1041,Active,,,http://www.redfin.com/WA/Seattle/588-Bell-St-98121/unit-1407S/home/144712217,NWMLS,1232848,N,Y,47.6164498,-122.3428091
MLS Listing,,Single Family Residential,1700 Magnolia Wy W,Seattle,WA,98199,1998000,4,3.0,Magnolia,3090,6780,1946,15,647,,Active,February-3-2018 12:00 PM,February-3-2018 03:00 PM,http://www.redfin.com/WA/Seattle/1700-Magnolia-Way-W-98199/home/126499,NWMLS,1223908,N,Y,47.6341924,-122.3898444
MLS Listing,,Condo/Co-op,2607 Western Ave #257,Seattle,WA,98121,775000,1,1.5,Belltown,1131,28355,2002,16,685,729,Active,,,http://www.redfin.com/WA/Seattle/2607-Western-Ave-98121/unit-257/home/8595,NWMLS,1215973,N,Y,47.6147661,-122.3513007
MLS Listing,,Single Family Residential,1400 S 100th St Unit B,Seattle,WA,98168,620000,4,2.5,Glen Acres,1560,7800,1997,17,397,,Active,,,http://www.redfin.com/WA/Seattle/1400-S-100th-St-98168/unit-B/home/187294,NWMLS,1233781,N,Y,47.514077,-122.316366
MLS Listing,,Townhouse,7531 43rd Ave S,Seattle,WA,98118,549750,3,2.0,Brighton,1340,6331,2018,18,410,,Active,,,http://www.redfin.com/WA/Seattle/7531-43rd-Ave-S-98118/home/144700790,NWMLS,1233619,N,Y,47.5344501,-122.2791615
MLS Listing,,Townhouse,7529 43rd Ave S,Seattle,WA,98118,549750,3,2.0,Brighton,1340,6331,2017,18,410,,Active,,,http://www.redfin.com/WA/Seattle/7529-43rd-Ave-S-98118/home/144700778,NWMLS,1233612,N,Y,47.5344599,-122.2791644
MLS Listing,,Single Family Residential,3812 22nd Ave SW,Seattle,WA,98106,739950,3,2.0,Pigeon Point,1684,2941,2017,18,439,,Active,,,http://www.redfin.com/WA/Seattle/3812-22nd-Ave-SW-98106/home/144695824,NWMLS,1231565,N,Y,47.569841,-122.3611298
MLS Listing,,Single Family Residential,2350 Yale Ave E,Seattle,WA,98102,1750000,5,4.0,Seattle,2731,2504,1925,18,641,,Active,February-3-2018 01:00 PM,February-3-2018 04:00 PM,http://www.redfin.com/WA/Seattle/2350-Yale-Ave-E-98102/home/131987,NWMLS,1232969,N,Y,47.6411451,-122.3267541
MLS Listing,,Single Family Residential,3627 42nd Ave NE,Seattle,WA,98105,10000000,6,4.5,Laurelhurst,6860,37740,1921,19,1458,,Active,,,http://www.redfin.com/WA/Seattle/3627-42nd-Ave-NE-98105/home/122510,NWMLS,1233506,N,Y,47.6544973,-122.282088
MLS Listing,,Condo/Co-op,8816 Nesbit Ave N #11,Seattle,WA,98103,234000,0,1.0,Green Lake,353,,1988,19,663,179,Active,,,http://www.redfin.com/WA/Seattle/8816-Nesbit-Ave-N-98103/unit-11/home/12537579,NWMLS,1233287,N,Y,47.692887,-122.3431496
MLS Listing,,Single Family Residential,1543 NE 89th St,Seattle,WA,98115,975000,5,3.0,Maple Leaf,2820,6380,1931,19,346,,Active,,,http://www.redfin.com/WA/Seattle/1543-NE-89th-St-98115/home/107215,NWMLS,1232599,N,Y,47.6928425,-122.3103064
MLS Listing,,Single Family Residential,1616 E YESLER Wy,Seattle,WA,98122,925000,3,2.75,Central Area,2200,984,2015,19,420,,Active,,,http://www.redfin.com/WA/Seattle/1616-E-Yesler-Way-98122/home/101611862,NWMLS,1231360,N,Y,47.601857,-122.310754
MLS Listing,,Single Family Residential,7536 43rd Ave S Unit D,Seattle,WA,98118,624950,3,2.5,Brighton,1320,1152,2018,19,473,40,Active,,,http://www.redfin.com/WA/Seattle/7536-43rd-Ave-S-98118/unit-D/home/144673642,NWMLS,1233218,N,Y,47.5340782,-122.2790534
MLS Listing,,Single Family Residential,4718 8th Ave NE,Seattle,WA,98105,1298000,4,3.25,University District,1860,2828,2017,20,698,,Active,,,http://www.redfin.com/WA/Seattle/4718-8th-Ave-NE-98105/home/312033,NWMLS,1233158,N,Y,47.663704,-122.319221
MLS Listing,,Single Family Residential,4716 8th Ave NE,Seattle,WA,98105,1348000,4,3.25,University District,1860,1452,2017,20,725,,Active,,,http://www.redfin.com/WA/Seattle/4716-8th-Ave-NE-98105/home/143457216,NWMLS,1232684,N,Y,47.6637229,-122.3190863
MLS Listing,,Other,2143 N Northlake Wy #52,Seattle,WA,98103,75000,1,0.75,Lake Union,627,1,1984,20,120,,Active,,,http://www.redfin.com/WA/Seattle/2143-N-Northlake-Way-98103/unit-52/home/64145,NWMLS,1232339,N,Y,47.6471181,-122.3325615
MLS Listing,,Single Family Residential,9103 8th Ave S,Seattle,WA,98108,575000,3,2.75,South Park,3090,7274,1901,20,186,,Active,,,http://www.redfin.com/WA/Seattle/9103-8th-Ave-S-98108/home/477094,NWMLS,1232733,N,Y,47.5221138,-122.3234051
MLS Listing,,Single Family Residential,3907 S Warsaw St,Seattle,WA,98118,639000,3,2.25,Hillman City,1530,2500,2018,20,418,,Active,,,http://www.redfin.com/WA/Seattle/3907-S-Warsaw-St-98118/home/173099,NWMLS,1232640,N,Y,47.542984,-122.282915
MLS Listing,,Townhouse,912 NW 85th St,Seattle,WA,98117,698888,3,2.5,Crown Hill,1248,1354,2007,21,560,,Active,,,http://www.redfin.com/WA/Seattle/912-NW-85th-St-98117/home/101209,NWMLS,1231943,N,Y,47.6908223,-122.3688563
MLS Listing,,Multi-Family (5+ Unit),3306 Beach Dr SW,Seattle,WA,98116,4100000,11,11.0,Alki,7005,4413,1991,21,585,,Active,,,http://www.redfin.com/WA/Seattle/3306-Beach-Dr-SW-98116/home/2077452,NWMLS,1232294,N,Y,47.5750661,-122.4186163
MLS Listing,,Single Family Residential,2412 Magnolia Blvd W,Seattle,WA,98199,2580000,4,3.0,Magnolia,3790,5500,1927,21,681,,Active,,,http://www.redfin.com/WA/Seattle/2412-Magnolia-Blvd-W-98199/home/126319,NWMLS,1225304,N,Y,47.6401487,-122.4110412
MLS Listing,,Vacant Land,9410 51st Ave S,Seattle,WA,98118,299000,0,,Upper Rainier Beach,,8756,,21,,,Active,,,http://www.redfin.com/WA/Seattle/9410-51st-Ave-S-98118/home/176313,NWMLS,1232214,N,Y,47.5178428,-122.2696988
MLS Listing,,Multi-Family (5+ Unit),730 N 85th St,Seattle,WA,98103,6195000,6,6.0,Greenwood,17011,14625,1971,22,364,,Active,,,http://www.redfin.com/WA/Seattle/730-N-85th-St-98103/home/2085844,NWMLS,1232196,N,Y,47.6908188,-122.3483371
MLS Listing,,Single Family Residential,627 S 103rd St,Seattle,WA,98168,700000,2,,Glen Acres,1100,36255,1960,23,636,,Active,,,http://www.redfin.com/WA/Seattle/627-S-103rd-St-98168/home/187411,NWMLS,1230017,N,Y,47.5109959,-122.3251384
MLS Listing,,Townhouse,9165 45th Ave SW #3,Seattle,WA,98136,469888,2,1.75,Fauntleroy,1050,12348,1985,23,448,305,Active,,,http://www.redfin.com/WA/Seattle/9165-45th-Ave-SW-98136/unit-3/home/144480544,NWMLS,1229863,N,Y,47.5216944,-122.3905907
MLS Listing,,Single Family Residential,2828 Broadway E,Seattle,WA,98102,2386000,7,4.25,Roanoke Park,6397,5500,1909,23,373,,Active,,,http://www.redfin.com/WA/Seattle/2828-Broadway-E-98102/home/136555,NWMLS,1231408,N,Y,47.6464877,-122.3204369
MLS Listing,,Single Family Residential,,Seattle,WA,98105,5850000,4,3.25,Windermere,4870,43954,1965,23,1201,,Active,,,http://www.redfin.com/WA/Seattle/Undisclosed-address-98105/home/121237,NWMLS,1228275,N,Y,47.6693768,-122.2564136
MLS Listing,,Single Family Residential,5816 Beacon Ave S,Seattle,WA,98108,659000,6,2.75,Beacon Hill,2520,4207,1919,25,262,,Active,,,http://www.redfin.com/WA/Seattle/5816-Beacon-Ave-S-98108/home/478020,NWMLS,1231186,N,Y,47.5504348,-122.3012958
MLS Listing,,Townhouse,2067 Gilman Dr W,Seattle,WA,98119,749950,2,2.5,Queen Anne,1090,1269,2013,25,688,,Active,,,http://www.redfin.com/WA/Seattle/2067-Gilman-Dr-W-98119/home/45464376,NWMLS,1231180,N,Y,47.6383715,-122.373179
MLS Listing,,Single Family Residential,2658 9th Ave W,Seattle,WA,98119,1050000,3,1.75,Queen Anne,1510,2100,1914,25,695,,Active,,,http://www.redfin.com/WA/Seattle/2658-9th-Ave-W-98119/home/130371,NWMLS,1230038,N,Y,47.6439224,-122.3685967
MLS Listing,,Townhouse,3625 C Evanston Ave N,Seattle,WA,98103,935000,2,1.75,Fremont,1306,1092,2018,26,716,,Active,,,http://www.redfin.com/WA/Seattle/3625-Evanston-Ave-N-98103/home/144466539,NWMLS,1231053,N,Y,47.6523754,-122.3515944
MLS Listing,,Condo/Co-op,726 Belmont Place E,Seattle,WA,98102,1775000,2,2.0,Capitol Hill,2427,7200,1991,26,731,821,Active,,,http://www.redfin.com/WA/Seattle/726-Belmont-Pl-E-98102/home/1540,NWMLS,1227523,N,Y,47.626258,-122.323949
MLS Listing,,Single Family Residential,1121 W Wheeler St,Seattle,WA,98119,2300000,5,4.0,Queen Anne,3383,4000,2018,26,680,,Active,February-3-2018 12:00 PM,February-3-2018 02:00 PM,http://www.redfin.com/WA/Seattle/1121-W-Wheeler-St-98119/home/129806,NWMLS,1229456,N,Y,47.640539,-122.372261
MLS Listing,,Vacant Land,1705 30th Ave S,Seattle,WA,98144,690000,0,,Leschi,,4480,,26,,,Active,,,http://www.redfin.com/WA/Seattle/1705-30th-Ave-S-98144/home/144637663,NWMLS,1229316,N,Y,47.5877938,-122.2935795
MLS Listing,,Single Family Residential,5515 Bangor St,Seattle,WA,98178,349500,3,1.0,Hillman City,1380,4500,1951,26,253,,Active,,,http://www.redfin.com/WA/Seattle/5515-S-Bangor-St-98178/home/178202,NWMLS,1229772,N,Y,47.5059342,-122.2640231
MLS Listing,,Single Family Residential,12217 Ridgemont Wy N,Seattle,WA,98133,930000,6,3.25,Broadview,3690,7241,1950,26,252,,Active,,,http://www.redfin.com/WA/Seattle/12217-Ridgemont-Way-N-98133/home/97390,NWMLS,1230663,N,Y,47.7185733,-122.3563513
MLS Listing,,Condo/Co-op,606 Post Alley Unit 90Y,Seattle,WA,98104,800000,3,1.0,Pioneer Square,1894,,1900,27,422,310,Active,,,http://www.redfin.com/WA/Seattle/606-Post-Ave-98104/unit-90Y/home/144631458,NWMLS,1230427,N,Y,47.6019962,-122.3347095
MLS Listing,,Single Family Residential,10650 Dixon Dr S,Seattle,WA,98178,879950,4,3.0,Lakeridge,3032,4867,2017,28,290,,Active,,,http://www.redfin.com/WA/Seattle/10650-Dixon-Dr-S-98178/home/198641,NWMLS,1229977,N,Y,47.5064913,-122.2328379
MLS Listing,,Single Family Residential,4018 32nd Ave SW,Seattle,WA,98126,1195000,4,3.0,Belvidere,3190,4800,1998,28,375,,Active,,,http://www.redfin.com/WA/Seattle/4018-32nd-Ave-SW-98126/home/159096,NWMLS,1229287,N,Y,47.5672519,-122.3720623
MLS Listing,,Vacant Land,8014 S 114th St,Seattle,WA,98178,84000,0,,Bryn Mawr,,23744,,28,,,Active,,,http://www.redfin.com/WA/Seattle/8014-S-114th-St-98178/home/22230900,NWMLS,1229909,N,Y,47.5013716,-122.2319216
MLS Listing,,Condo/Co-op,12600 57th Ave S Unit A203,Seattle,WA,98178,139950,1,1.0,Skyway,816,93792,1983,29,172,385,Active,,,http://www.redfin.com/WA/Seattle/12600-57th-Ave-S-98178/unit-A203/home/46260,NWMLS,1229283,N,Y,47.489995,-122.26082
MLS Listing,,Single Family Residential,4715 SW Wildwood Place,Seattle,WA,98136,1150000,4,2.25,Fauntleroy,3100,9000,1940,29,371,,Active,,,http://www.redfin.com/WA/Seattle/4715-SW-Wildwood-Pl-98136/home/156599,NWMLS,1229345,N,Y,47.5216849,-122.3927827
MLS Listing,,Single Family Residential,623 19th Ave E,Seattle,WA,98112,1599000,3,2.75,Seattle,1540,3010,1900,30,1038,,Active,,,http://www.redfin.com/WA/Seattle/623-19th-Ave-E-98112/home/145013,NWMLS,1229301,N,Y,47.6250883,-122.3076213
MLS Listing,,Condo/Co-op,583 Battery St #716,Seattle,WA,98121,1380000,2,2.0,Belltown,1443,,2016,30,956,946,Active,,,http://www.redfin.com/WA/Seattle/583-Battery-St-98121/unit-716/home/143681044,NWMLS,1229228,N,Y,47.6169903,-122.3436558
MLS Listing,,Single Family Residential,3523 Bagley Ave N,Seattle,WA,98103,1245000,5,2.75,Wallingford,2720,4800,1921,32,458,,Active,,,http://www.redfin.com/WA/Seattle/3523-Bagley-Ave-N-98103/home/120496,NWMLS,1229101,N,Y,47.6498807,-122.3330108
MLS Listing,,Vacant Land,6256 3rd Ave NW,Seattle,WA,98107,975000,0,,Phinney Ridge,,4050,,33,,,Active,,,http://www.redfin.com/WA/Seattle/6256-3rd-Ave-NW-98107/home/299376,NWMLS,1228983,N,Y,47.6758225,-122.3603958
MLS Listing,,Single Family Residential,4150 Hillcrest Ave SW,Seattle,WA,98116,969900,4,2.75,Genesee,3340,4500,1928,34,290,,Active,,,http://www.redfin.com/WA/Seattle/4150-Hillcrest-Ave-SW-98116/home/151918,NWMLS,1228590,N,Y,47.5652716,-122.4031432
MLS Listing,,Single Family Residential,8241 S 118th St #27,Seattle,WA,98178,769950,4,3.25,Bryn Mawr,2612,3192,2017,34,295,61,Active,February-1-2018 11:00 AM,February-1-2018 05:00 PM,http://www.redfin.com/WA/Seattle/8241-S-118th-St-98178/unit-27/home/144581780,NWMLS,1228596,N,Y,47.4972358,-122.2296506
MLS Listing,,Multi-Family (2-4 Unit),2811 22nd Ave W #2811,Seattle,WA,98199,1690000,6,4.75,Magnolia,4270,6000,1973,35,396,,Active,,,http://www.redfin.com/WA/Seattle/2811-22nd-Ave-W-98199/unit-2811/home/144574692,NWMLS,1228167,N,Y,47.645184,-122.385029
MLS Listing,,Vacant Land,92 3rd Ave SW,Seattle,WA,98106,75000,0,,West Seattle,,8501,,35,,,Active,,,http://www.redfin.com/WA/Seattle/92-3rd-Ave-SW-Unknown/home/144574625,NWMLS,1227917,N,Y,47.522605,-122.338755
MLS Listing,,Single Family Residential,4835 S Kenyon St,Seattle,WA,98118,410000,4,2.0,Brighton,1260,5000,1949,39,325,,Active,,,http://www.redfin.com/WA/Seattle/4835-S-Kenyon-St-98118/home/174935,NWMLS,1225610,N,Y,47.5313545,-122.271232
MLS Listing,,Townhouse,1604 Lakeview Blvd E,Seattle,WA,98102,850000,3,2.25,North Capitol Hill,1540,3117,1984,40,552,,Active,,,http://www.redfin.com/WA/Seattle/1604-Lakeview-Blvd-E-98102/home/136911,NWMLS,1227921,N,Y,47.6341742,-122.3220792
MLS Listing,,Vacant Land,67 S Thayer St,Seattle,WA,98178,110000,0,,Lakeridge,,9000,,42,,,Active,,,http://www.redfin.com/WA/Seattle/67-S-Thayer-St-98178/home/144536201,NWMLS,1226087,N,Y,47.511024,-122.249109
MLS Listing,,Single Family Residential,10811 Dixon Dr S,Seattle,WA,98178,530000,3,2.0,Lakeridge,1690,8875,1951,42,314,,Active,,,http://www.redfin.com/WA/Seattle/10811-Dixon-Dr-S-98178/home/199534,NWMLS,1223680,N,Y,47.5057511,-122.2325277
MLS Listing,,Single Family Residential,1205 10th Ave W,Seattle,WA,98119,835000,1,1.0,Queen Anne,1210,7200,1954,42,690,,Active,,,http://www.redfin.com/WA/Seattle/1205-10th-Ave-W-98119/home/132388,NWMLS,1227368,N,Y,47.630169,-122.3706102
MLS Listing,,Single Family Residential,6713 26th Ave NW,Seattle,WA,98117,1789500,5,3.5,Ballard,4754,5814,2017,46,376,,Active,February-3-2018 12:00 PM,February-3-2018 03:00 PM,http://www.redfin.com/WA/Seattle/6713-26th-Ave-NW-98117/home/165997,NWMLS,1226922,N,Y,47.6780883,-122.3899652
MLS Listing,,Single Family Residential,10321 Sand Point Wy NE,Seattle,WA,98125,1199900,4,2.5,Matthews Beach,3096,7200,2017,46,388,,Active,February-3-2018 12:00 PM,February-3-2018 03:00 PM,http://www.redfin.com/WA/Seattle/10321-Sand-Point-Way-NE-98125/home/22436198,NWMLS,1226343,N,Y,47.703581,-122.278509
MLS Listing,,Single Family Residential,5321 S Bangor St,Seattle,WA,98178,535000,4,2.5,Upper Rainier Beach,2480,7360,1969,47,216,,Active,,,http://www.redfin.com/WA/Seattle/5321-S-Bangor-St-98178/home/178830,NWMLS,1226861,N,Y,47.5056555,-122.2666371
MLS Listing,,Single Family Residential,1130 Grand Ave,Seattle,WA,98122,2400000,4,3.25,Madrona,4093,8000,1925,47,586,,Active,,,http://www.redfin.com/WA/Seattle/1130-Grand-Ave-98122/home/141971,NWMLS,1217379,N,Y,47.6123718,-122.2831199
MLS Listing,,Single Family Residential,5948 28th Ave S,Seattle,WA,98108,699000,5,3.0,Beacon Hill,2680,3899,1993,47,261,,Active,,,http://www.redfin.com/WA/Seattle/5948-28th-Ave-S-98108/home/478271,NWMLS,1225698,N,Y,47.5484799,-122.2965575
MLS Listing,,Townhouse,2216 B NW 64th St,Seattle,WA,98107,848950,3,2.25,Ballard,1544,832,2017,47,550,,Active,,,http://www.redfin.com/WA/Seattle/2216-NW-64th-St-98107/unit-C/home/493612,NWMLS,1226349,N,Y,47.6755543,-122.385525
MLS Listing,,Single Family Residential,9726 Beacon Ave S,Seattle,WA,98118,870000,8,4.0,Rainier Beach,4190,8794,2017,48,208,,Active,,,http://www.redfin.com/WA/Seattle/9726-Beacon-Ave-S-98118/home/22655147,NWMLS,1224929,N,Y,47.513507,-122.273025
MLS Listing,,Condo/Co-op,11600 Rainier Ave south Ave S #104,Seattle,WA,98178,259900,2,1.5,Bryn Mawr,1240,32100,1967,48,210,360,Active,,,http://www.redfin.com/WA/Seattle/11600-Rainier-Ave-S-98178/unit-104/home/22038,NWMLS,1225910,N,Y,47.4991023,-122.2198775
MLS Listing,,Townhouse,9036 14th Ave NW Unit D,Seattle,WA,98117,650000,2,1.75,Crown Hill,1393,900,2017,49,467,,Active,,,http://www.redfin.com/WA/Seattle/9036-14th-Ave-NW-98117/unit-D/home/144478472,NWMLS,1225872,N,Y,47.6953171,-122.3737314
MLS Listing,,Single Family Residential,7025 S 116th St,Seattle,WA,98178,323850,2,1.0,Seattle,940,7935,1943,49,345,,Active,,,http://www.redfin.com/WA/Seattle/7025-S-116th-St-98178/home/199449,NWMLS,1225984,N,Y,47.4987513,-122.2461597
MLS Listing,,Vacant Land,94 Olson Place SW,Seattle,WA,98106,1200000,0,,West Seattle,,64347,,50,,,Active,,,http://www.redfin.com/WA/Seattle/94-Olson-Pl-SW-98106/home/144476567,NWMLS,1223492,N,Y,47.519011,-122.338582
MLS Listing,,Single Family Residential,10403 15th Ave NE,Seattle,WA,98125,838000,3,1.75,Seattle,1610,6120,1953,50,520,,Active,February-3-2018 10:00 AM,February-3-2018 12:00 PM,http://www.redfin.com/WA/Seattle/10403-15th-Ave-NE-98125/home/107637,NWMLS,1225397,N,Y,47.7041278,-122.3127083
MLS Listing,,Vacant Land,9 56th Ave S,Seattle,WA,98118,90000,0,,Rainier Beach,,27500,,50,,,Active,,,http://www.redfin.com/WA/Seattle/9-56th-Ave-S-Unknown/home/144476106,NWMLS,1225478,N,Y,47.517555,-122.2627
MLS Listing,,Single Family Residential,6258 33rd Ave NE,Seattle,WA,98115,1450000,4,1.0,Bryant,4010,5000,1926,51,362,,Active,,,http://www.redfin.com/WA/Seattle/6258-33rd-Ave-NE-98115/home/144474644,NWMLS,1225549,N,Y,47.6756574,-122.2918858
MLS Listing,,Townhouse,8040 35TH Ave NE Unit A,Seattle,WA,98115,739950,3,2.25,Wedgwood,1367,1345,2017,51,541,,Active,,,http://www.redfin.com/WA/Seattle/8040-35th-Ave-NE-98115/unit-A/home/109969350,NWMLS,1225504,N,Y,47.6879355,-122.2902655
MLS Listing,,Townhouse,4217 SW Atlantic St,Seattle,WA,98116,675000,2,2.25,North Admiral,1350,700,2008,54,500,,Active,,,http://www.redfin.com/WA/Seattle/4217-SW-Atlantic-St-98116/home/18658350,NWMLS,1224882,N,Y,47.5904149,-122.3857721
MLS Listing,,Single Family Residential,2715 37th Ave SW,Seattle,WA,98126,2100000,4,4.0,Belvidere,3760,5000,2002,55,559,,Active,February-3-2018 01:00 PM,February-3-2018 03:00 PM,http://www.redfin.com/WA/Seattle/2715-37th-Ave-SW-98126/home/327711,NWMLS,1222326,N,Y,47.5786911,-122.378422
MLS Listing,,Multi-Family (5+ Unit),6537 Oswego Place NE,Seattle,WA,98115,2400000,0,6.0,Green Lake,5290,7800,1950,55,454,,Active,,,http://www.redfin.com/WA/Seattle/6537-Oswego-Pl-NE-98115/home/2080764,NWMLS,1216869,N,Y,47.6767815,-122.3218498
MLS Listing,,Single Family Residential,2139 Harbor Ave SW,Seattle,WA,98126,1395000,3,2.5,Alki,1873,1293,2017,55,745,,Active,,,http://www.redfin.com/WA/Seattle/2139-Harbor-Ave-SW-98126/home/150893,NWMLS,1222154,N,Y,47.5845163,-122.3755661
MLS Listing,,Single Family Residential,809 NE 48th St,Seattle,WA,98105,1450000,8,2.5,University District,2139,4279,2017,55,678,5,Active,,,http://www.redfin.com/WA/Seattle/809-NE-48th-St-98105/home/144478648,NWMLS,1223824,N,Y,47.663937,-122.3193559
MLS Listing,,Single Family Residential,4946 Beacon Ave S,Seattle,WA,98108,750000,4,2.75,Beacon Hill,1500,4800,1940,55,500,,Active,,,http://www.redfin.com/WA/Seattle/4946-Beacon-Ave-S-98108/home/479541,NWMLS,1224030,N,Y,47.5567414,-122.3031653
MLS Listing,,Multi-Family (2-4 Unit),1529 Sturgus Ave S,Seattle,WA,98144,500000,2,2.0,N Beacon Hill,1650,3000,1904,57,303,,Active,,,http://www.redfin.com/WA/Seattle/1529-Sturgus-Ave-S-98144/home/168014,NWMLS,1224032,N,Y,47.5891183,-122.3118591
MLS Listing,,Condo/Co-op,1623 Taylor Ave N #302,Seattle,WA,98109,329950,1,1.0,Queen Anne,700,,1926,57,471,420,Active,,,http://www.redfin.com/WA/Seattle/1623-Taylor-Ave-N-98109/unit-302/home/144445250,NWMLS,1223963,N,Y,47.6338968,-122.346273
MLS Listing,,Townhouse,4208 S Greenbelt Station Dr,Seattle,WA,98118,568800,3,2.5,Seattle,1500,1221,2017,57,379,210,Active,,,http://www.redfin.com/WA/Seattle/4208-S-Greenbelt-Station-Dr-98118/home/109662140,NWMLS,1223776,N,Y,47.524581,-122.280378
MLS Listing,,Townhouse,310 W Lee St,Seattle,WA,98119,1325000,3,3.25,Queen Anne,1870,2215,2008,58,709,,Active,,,http://www.redfin.com/WA/Seattle/310-W-Lee-St-98119/home/132843,NWMLS,1223423,N,Y,47.6315348,-122.3611011
MLS Listing,,Vacant Land,5003 S 114th St,Tukwila,WA,98178,120000,0,,Tukwila,,10311,,61,,,Active,,,http://www.redfin.com/WA/Tukwila/5003-S-114th-St-98178/home/175652,NWMLS,1219912,N,Y,47.500104,-122.271236
MLS Listing,,Single Family Residential,10200 Rainier Ave S,Seattle,WA,98178,2149000,5,4.5,Rainier Beach,3239,4595,2017,61,663,,Active,,,http://www.redfin.com/WA/Seattle/10200-Rainier-Ave-S-98178/home/177664,NWMLS,1221007,N,Y,47.511632,-122.243537
MLS Listing,,Condo/Co-op,705 E Republican St Unit A,Seattle,WA,98102,509900,2,1.0,Capitol Hill,827,,1963,61,617,545,Active,,,http://www.redfin.com/WA/Seattle/705-E-Republican-St-98102/unit-A/home/12092635,NWMLS,1220377,N,Y,47.6229459,-122.3227742
MLS Listing,,Single Family Residential,5608 23rd Ave SW,Seattle,WA,98106,775000,3,2.5,Delridge,2131,10835,2017,61,364,,Active,February-3-2018 12:00 AM,February-3-2018 11:59 PM,http://www.redfin.com/WA/Seattle/5608-23rd-Ave-SW-98106/home/22608567,NWMLS,1221147,N,Y,47.551622,-122.361266
MLS Listing,,Vacant Land,7115 S 115th St,Seattle,WA,98178,80000,0,,Lakeridge,,12650,,61,,,Active,,,http://www.redfin.com/WA/Seattle/7115-S-115th-St-98178/home/17507973,NWMLS,1222634,N,Y,47.4995202,-122.2463242
MLS Listing,,Multi-Family (5+ Unit),10539 Midvale Ave N,Seattle,WA,98133,1800000,11,6.0,Northgate,5184,4900,1986,62,347,,Active,,,http://www.redfin.com/WA/Shoreline/10539-Midvale-Ave-N-98133/home/2081367,NWMLS,1220371,N,Y,47.7061811,-122.3437192
MLS Listing,,Condo/Co-op,3334 NE 65th St #109,Seattle,WA,98115,601990,1,1.5,Bryant,962,,2017,62,626,484,Active,,,http://www.redfin.com/WA/Seattle/3334-NE-65th-St-98115/unit-109/home/144402663,NWMLS,1222699,N,Y,47.6757837,-122.2920052
MLS Listing,,Single Family Residential,2508 Lake Park Dr S,Seattle,WA,98144,1349000,4,3.0,Mt Baker,3140,6604,1949,63,430,,Active,,,http://www.redfin.com/WA/Seattle/2508-Lake-Park-Dr-S-98144/home/489054,NWMLS,1222341,N,Y,47.581133,-122.28769
MLS Listing,,Single Family Residential,10397 Beacon Ave S,Seattle,WA,98178,540000,5,2.75,Tukwila,3200,7998,1921,63,169,,Active,,,http://www.redfin.com/WA/Tukwila/10397-Beacon-Ave-S-98178/home/175250,NWMLS,1215259,N,Y,47.5071896,-122.2709927
MLS Listing,,Vacant Land,11715 11721 15th Ave NE,Seattle,WA,98125,5699722,0,,Pinehurst,,30662,,64,,,Active,,,http://www.redfin.com/WA/Seattle/11721-15th-Ave-NE-98125/home/2083150,NWMLS,1222085,N,Y,47.7146445,-122.3128817
MLS Listing,,Condo/Co-op,589 Occidental Ave S #716,Seattle,WA,98104,911900,2,1.75,Pioneer Square,963,,2018,64,947,674,Active,,,http://www.redfin.com/WA/Seattle/589-Occidental-Ave-S-98134/unit-716/home/144388138,NWMLS,1222005,N,Y,47.5960593,-122.3336027
MLS Listing,,Single Family Residential,1821 30th Ave,Seattle,WA,98122,1100000,4,3.0,Madison Valley,2200,4800,1985,65,500,,Active,,,http://www.redfin.com/WA/Seattle/1821-30th-Ave-98122/home/147168,NWMLS,1214825,N,Y,47.6183133,-122.2938511
MLS Listing,,Single Family Residential,1533 33rd Ave,Seattle,WA,98122,1398000,5,3.0,Madrona,3510,6607,1953,67,398,,Active,,,http://www.redfin.com/WA/Seattle/1533-33rd-Ave-98122/home/146808,NWMLS,1217974,N,Y,47.6150605,-122.2905917
MLS Listing,,Other,2540 Westlake Ave N #5,Seattle,WA,98109,1565000,2,2.0,Lake Union,1573,950,2017,67,995,850,Active,,,http://www.redfin.com/WA/Seattle/2540-Westlake-Ave-N-98109/unit-5/home/144361966,NWMLS,1221231,N,Y,47.6434997,-122.3436649
MLS Listing,,Condo/Co-op,10623 Glen Acres Dr S,Seattle,WA,98168,164950,2,1.0,Glen Acres,945,,1972,68,175,702,Active,,,http://www.redfin.com/WA/Burien/10623-Glen-Acres-Dr-S-98168/unit-10623/home/56990,NWMLS,1221098,N,Y,47.508154,-122.321801
MLS Listing,,Single Family Residential,10247 66th Ave,Seattle,WA,98178,875000,4,3.0,Upper Rainier Beach,3318,5650,1928,68,264,,Active,,,http://www.redfin.com/WA/Seattle/10247-66th-Ave-S-98178/home/176889,NWMLS,1221144,N,Y,47.5083022,-122.2514801
MLS Listing,,Vacant Land,423 SW Thistle,Seattle,WA,98106,169950,0,,Highland Park,,30075,,68,,,Active,,,http://www.redfin.com/WA/Seattle/423-SW-Thistle-St-98106/home/22635860,NWMLS,1220288,N,Y,47.527915,-122.340609
MLS Listing,,Townhouse,10754 Glen Acres Dr S,Seattle,WA,98168,389000,3,2.25,Glen Acres,1885,122500,1970,68,206,798,Active,,,http://www.redfin.com/WA/Burien/10754-Glen-Acres-Dr-S-98168/home/17080047,NWMLS,1218017,N,Y,47.506577,-122.3217415
MLS Listing,,Condo/Co-op,2100 3rd Ave #2203,Seattle,WA,98121,1485000,2,2.0,Belltown,2100,,1973,70,707,1499,Active,February-3-2018 01:00 PM,February-3-2018 04:00 PM,http://www.redfin.com/WA/Seattle/2100-3rd-Ave-98121/unit-2203/home/62125,NWMLS,1220537,N,Y,47.6135579,-122.3422119
MLS Listing,,Vacant Land,3120 Harvard Ave E,Seattle,WA,98102,1649000,0,,Eastlake,,3787,,71,,,Active,,,http://www.redfin.com/WA/Seattle/3120-Harvard-Ave-E-98102/home/39901172,NWMLS,1220722,N,Y,47.6498289,-122.321834
MLS Listing,,Multi-Family (5+ Unit),1111 18th Ave,Seattle,WA,98122,3150000,5,5.75,Capitol Hill,4881,7200,1900,71,645,,Active,,,http://www.redfin.com/WA/Seattle/1111-18th-Ave-98122/home/2086185,NWMLS,1220680,N,Y,47.6120392,-122.309261
MLS Listing,,Single Family Residential,3817 49th Ave NE,Seattle,WA,98105,2468000,4,3.75,Laurelhurst,3467,4448,1970,71,712,,Active,,,http://www.redfin.com/WA/Seattle/3817-49th-Ave-NE-98105/home/122296,NWMLS,1220582,N,Y,47.6559864,-122.2748824
MLS Listing,,Single Family Residential,14334 Edgewater Lane NE,Seattle,WA,98125,995000,3,1.0,Cedar Park,1110,5424,1942,72,896,,Active,,,http://www.redfin.com/WA/Seattle/14334-Edgewater-Ln-NE-98125/home/320028,NWMLS,1218982,N,Y,47.7327819,-122.283383
MLS Listing,,Townhouse,2608 E Cherry St,Seattle,WA,98122,599000,1,1.0,Central Area,590,2342,1926,73,1015,150,Active,,,http://www.redfin.com/WA/Seattle/2608-E-Cherry-St-98122/home/39904501,NWMLS,1220240,N,Y,47.6081438,-122.2983579
MLS Listing,,Single Family Residential,11605 Renton Ave S,Seattle,WA,98178,429000,3,1.75,Skyway,2060,43160,1940,73,208,,Active,,,http://www.redfin.com/WA/Seattle/11605-Renton-Ave-S-98178/home/195939,NWMLS,1219780,N,Y,47.4991985,-122.2498313
MLS Listing,,Condo/Co-op,3300 NE 65th St #209,Seattle,WA,98115,789990,2,1.5,Bryant,968,,2017,75,816,484,Active,,,http://www.redfin.com/WA/Seattle/3300-NE-65th-St-98115/unit-209/home/144327701,NWMLS,1219795,N,Y,47.6761626,-122.2922455
MLS Listing,,Single Family Residential,1528 29th Ave,Seattle,WA,98122,499950,2,1.0,Madrona,1200,3200,1921,76,417,,Active,,,http://www.redfin.com/WA/Seattle/1528-29th-Ave-98122/home/145798,NWMLS,1219101,N,Y,47.6150282,-122.2945741
MLS Listing,,Single Family Residential,501 33rd Ave S,Seattle,WA,98144,3200000,4,4.25,Leschi,4400,7200,2018,77,727,,Active,,,http://www.redfin.com/WA/Seattle/501-33rd-Ave-S-98144/home/39991498,NWMLS,1218294,N,Y,47.5975887,-122.2901737
MLS Listing,,Single Family Residential,5403 18th Ave SW,Seattle,WA,98106,1024000,4,2.25,Delridge,2727,7280,2017,77,376,,Active,,,http://www.redfin.com/WA/Seattle/5403-18th-Ave-SW-98106/home/161754,NWMLS,1218894,N,Y,47.5535218,-122.3573779
MLS Listing,,Condo/Co-op,1009 Western Ave #1109,Seattle,WA,98104,2395000,3,3.0,Downtown,2857,35978,1983,78,838,2073,Active,,,http://www.redfin.com/WA/Seattle/1009-Western-Ave-98104/unit-1109/home/60695,NWMLS,1216644,N,Y,47.6044662,-122.3381502
MLS Listing,,Condo/Co-op,707 S Snoqualmie St Unit 5D,Seattle,WA,98108,525000,1,1.0,Georgetown,1400,,1907,78,375,575,Active,,,http://www.redfin.com/WA/Seattle/707-S-Snoqualmie-St-98108/unit-5D/home/40493391,NWMLS,1218238,N,Y,47.5616996,-122.3236967
MLS Listing,,Condo/Co-op,1250 Taylor Ave N #204,Seattle,WA,98109,499950,1,1.0,Queen Anne,882,17403,1978,82,567,390,Active,,,http://www.redfin.com/WA/Seattle/1250-Taylor-Ave-N-98109/unit-204/home/24297,NWMLS,1216422,N,Y,47.6311375,-122.3459673
MLS Listing,,Single Family Residential,6633 Flora Ave S,Seattle,WA,98108,670000,4,2.5,Georgetown,1104,4000,1950,83,607,,Active,,,http://www.redfin.com/WA/Seattle/6633-Flora-Ave-S-98108/home/476505,NWMLS,1217381,N,Y,47.5431901,-122.3207057
MLS Listing,,Condo/Co-op,100 W Highland Dr #123,Seattle,WA,98119,450000,1,1.0,Queen Anne,501,64256,1921,83,898,221,Active,,,http://www.redfin.com/WA/Seattle/100-W-Highland-Dr-98119/unit-123/home/26739,NWMLS,1216914,N,Y,47.6300825,-122.3587157
MLS Listing,,Vacant Land,123 X S 130th St,Seattle,WA,98178,120000,0,,Bryn Mawr,,47480,,84,,,Active,,,http://www.redfin.com/WA/Seattle/123-X-S-130th-St-98178/home/144279526,NWMLS,1215588,N,Y,47.486559,-122.228745
MLS Listing,,Single Family Residential,9615 25th Ave SW,Seattle,WA,98106,488900,3,2.0,Westwood,1610,8160,1948,85,304,,Active,,,http://www.redfin.com/WA/Seattle/9615-25th-Ave-SW-98106/home/179195,NWMLS,1214096,N,Y,47.5168331,-122.3648576
MLS Listing,,Condo/Co-op,1906 Franklin Place E #203,Seattle,WA,98102,779000,3,3.0,Eastlake,1833,6161,2000,85,425,650,Active,,,http://www.redfin.com/WA/Seattle/1906-Franklin-Pl-E-98102/unit-203/home/70427,NWMLS,1215954,N,Y,47.6359065,-122.3240733
MLS Listing,,Single Family Residential,1101 McGilvra Blvd E,Seattle,WA,98112,5295000,4,4.25,Washington Park,6040,7800,1954,85,877,,Active,,,http://www.redfin.com/WA/Seattle/1101-McGilvra-Blvd-E-98112/home/140256,NWMLS,1215543,N,Y,47.628752,-122.2817605
